2010/5/21,1:00,0
2010/5/21,2:00,0
2010/5/21,3:00,0
2010/5/21,4:00,0
2010/5/21,5:00,0
2010/5/21,6:00,36
2010/5/21,7:00,103
2010/5/21,8:00,140
2010/5/21,9:00,198
2010/5/21,10:00,557
2010/5/21,11:00,849
2010/5/21,12:00,643
2010/5/21,13:00,896
2010/5/21,14:00,936
2010/5/21,15:00,803
2010/5/21,16:00,622
2010/5/21,17:00,409
2010/5/21,18:00,191
2010/5/21,19:00,29
2010/5/21,20:00,0
2010/5/21,21:00,0
2010/5/21,22:00,0
2010/5/21,23:00,0
2010/5/21,24:00:00,0
2010/5/22,1:00,0
2010/5/22,2:00,0
2010/5/22,3:00,0
2010/5/22,4:00,0
2010/5/22,5:00,0
2010/5/22,6:00,46
2010/5/22,7:00,140
2010/5/22,8:00,325
2010/5/22,9:00,564
2010/5/22,10:00,633
2010/5/22,11:00,764
2010/5/22,12:00,882
2010/5/22,13:00,947
2010/5/22,14:00,844
2010/5/22,15:00,756
2010/5/22,16:00,569
2010/5/22,17:00,352
2010/5/22,18:00,147
2010/5/22,19:00,23
2010/5/22,20:00,0
2010/5/22,21:00,0
2010/5/22,22:00,0
2010/5/22,23:00,0
2010/5/22,24:00:00,0
2010/5/23,1:00,0
2010/5/23,2:00,0
2010/5/23,3:00,0
2010/5/23,4:00,0
2010/5/23,5:00,0
2010/5/23,6:00,54
2010/5/23,7:00,211
2010/5/23,8:00,472
2010/5/23,9:00,678
2010/5/23,10:00,727
2010/5/23,11:00,789
2010/5/23,12:00,778
2010/5/23,13:00,880
2010/5/23,14:00,895
2010/5/23,15:00,771
2010/5/23,16:00,611
2010/5/23,17:00,334
2010/5/23,18:00,179
2010/5/23,19:00,27
2010/5/23,20:00,0
2010/5/23,21:00,0
2010/5/23,22:00,0
2010/5/23,23:00,0
2010/5/23,24:00:00,0
2010/5/24,1:00,0
2010/5/24,2:00,0
2010/5/24,3:00,0
2010/5/24,4:00,0
2010/5/24,5:00,1
2010/5/24,6:00,60
2010/5/24,7:00,207
2010/5/24,8:00,391
2010/5/24,9:00,598
2010/5/24,10:00,749
2010/5/24,11:00,811
2010/5/24,12:00,921
2010/5/24,13:00,882
2010/5/24,14:00,858
2010/5/24,15:00,749
2010/5/24,16:00,564
2010/5/24,17:00,349
2010/5/24,18:00,147
2010/5/24,19:00,24
2010/5/24,20:00,0
2010/5/24,21:00,0
2010/5/24,22:00,0
2010/5/24,23:00,0
2010/5/24,24:00:00,0
2010/5/25,1:00,0
2010/5/25,2:00,0
2010/5/25,3:00,0
2010/5/25,4:00,0
2010/5/25,5:00,1
2010/5/25,6:00,62
2010/5/25,7:00,134
2010/5/25,8:00,336
2010/5/25,9:00,602
2010/5/25,10:00,856
2010/5/25,11:00,944
2010/5/25,12:00,1019
2010/5/25,13:00,1007
2010/5/25,14:00,934
2010/5/25,15:00,803
2010/5/25,16:00,450
2010/5/25,17:00,411
2010/5/25,18:00,195
2010/5/25,19:00,32
2010/5/25,20:00,0
2010/5/25,21:00,0
2010/5/25,22:00,0
2010/5/25,23:00,0
2010/5/25,24:00:00,0
2010/5/26,1:00,0
2010/5/26,2:00,0
2010/5/26,3:00,0
2010/5/26,4:00,0
2010/5/26,5:00,1
2010/5/26,6:00,27
2010/5/26,7:00,78
2010/5/26,8:00,141
2010/5/26,9:00,248
2010/5/26,10:00,628
2010/5/26,11:00,343
2010/5/26,12:00,360
2010/5/26,13:00,845
2010/5/26,14:00,752
2010/5/26,15:00,796
2010/5/26,16:00,537
2010/5/26,17:00,411
2010/5/26,18:00,197
2010/5/26,19:00,33
2010/5/26,20:00,0
2010/5/26,21:00,0
2010/5/26,22:00,0
2010/5/26,23:00,0
2010/5/26,24:00:00,0
2010/5/27,1:00,0
2010/5/27,2:00,0
2010/5/27,3:00,0
2010/5/27,4:00,0
2010/5/27,5:00,1
2010/5/27,6:00,32
2010/5/27,7:00,73
2010/5/27,8:00,136
2010/5/27,9:00,194
2010/5/27,10:00,495
2010/5/27,11:00,559
2010/5/27,12:00,542
2010/5/27,13:00,450
2010/5/27,14:00,609
2010/5/27,15:00,277
2010/5/27,16:00,176
2010/5/27,17:00,115
2010/5/27,18:00,54
2010/5/27,19:00,18
2010/5/27,20:00,0
2010/5/27,21:00,0
2010/5/27,22:00,0
2010/5/27,23:00,0
2010/5/27,24:00:00,0
2010/5/28,1:00,0
2010/5/28,2:00,0
2010/5/28,3:00,0
2010/5/28,4:00,0
2010/5/28,5:00,1
2010/5/28,6:00,43
2010/5/28,7:00,109
2010/5/28,8:00,313
2010/5/28,9:00,563
2010/5/28,10:00,712
2010/5/28,11:00,973
2010/5/28,12:00,940
2010/5/28,13:00,870
2010/5/28,14:00,945
2010/5/28,15:00,815
2010/5/28,16:00,636
2010/5/28,17:00,422
2010/5/28,18:00,203
2010/5/28,19:00,35
2010/5/28,20:00,0
2010/5/28,21:00,0
2010/5/28,22:00,0
2010/5/28,23:00,0
2010/5/28,24:00:00,0
2010/5/29,1:00,0
2010/5/29,2:00,0
2010/5/29,3:00,0
2010/5/29,4:00,0
2010/5/29,5:00,1
2010/5/29,6:00,69
2010/5/29,7:00,250
2010/5/29,8:00,469
2010/5/29,9:00,675
2010/5/29,10:00,844
2010/5/29,11:00,959
2010/5/29,12:00,1014
2010/5/29,13:00,1004
2010/5/29,14:00,930
2010/5/29,15:00,797
2010/5/29,16:00,615
2010/5/29,17:00,400
2010/5/29,18:00,184
2010/5/29,19:00,31
2010/5/29,20:00,0
2010/5/29,21:00,0
2010/5/29,22:00,0
2010/5/29,23:00,0
2010/5/29,24:00:00,0
2010/5/30,1:00,0
2010/5/30,2:00,0
2010/5/30,3:00,0
2010/5/30,4:00,0
2010/5/30,5:00,1
2010/5/30,6:00,59
2010/5/30,7:00,213
2010/5/30,8:00,424
2010/5/30,9:00,631
2010/5/30,10:00,802
2010/5/30,11:00,919
2010/5/30,12:00,974
2010/5/30,13:00,963
2010/5/30,14:00,888
2010/5/30,15:00,754
2010/5/30,16:00,570
2010/5/30,17:00,355
2010/5/30,18:00,154
2010/5/30,19:00,29
2010/5/30,20:00,0
2010/5/30,21:00,0
2010/5/30,22:00,0
2010/5/30,23:00,0
2010/5/30,24:00:00,0
2010/5/31,1:00,0
2010/5/31,2:00,0
2010/5/31,3:00,0
2010/5/31,4:00,0
2010/5/31,5:00,1
2010/5/31,6:00,39
2010/5/31,7:00,119
2010/5/31,8:00,415
2010/5/31,9:00,643
2010/5/31,10:00,811
2010/5/31,11:00,926
2010/5/31,12:00,980
2010/5/31,13:00,970
2010/5/31,14:00,896
2010/5/31,15:00,762
2010/5/31,16:00,581
2010/5/31,17:00,370
2010/5/31,18:00,96
2010/5/31,19:00,33
2010/5/31,20:00,0
2010/5/31,21:00,0
2010/5/31,22:00,0
2010/5/31,23:00,0
2010/5/31,24:00:00,0
2010/6/1,1:00,0
2010/6/1,2:00,0
2010/6/1,3:00,0
2010/6/1,4:00,0
2010/6/1,5:00,1
2010/6/1,6:00,38
2010/6/1,7:00,80
2010/6/1,8:00,133
2010/6/1,9:00,193
2010/6/1,10:00,241
2010/6/1,11:00,273
2010/6/1,12:00,582
2010/6/1,13:00,892
2010/6/1,14:00,899
2010/6/1,15:00,768
2010/6/1,16:00,590
2010/6/1,17:00,144
2010/6/1,18:00,87
2010/6/1,19:00,29
2010/6/1,20:00,0
2010/6/1,21:00,0
2010/6/1,22:00,0
2010/6/1,23:00,0
2010/6/1,24:00:00,0
2010/6/2,1:00,0
2010/6/2,2:00,0
2010/6/2,3:00,0
2010/6/2,4:00,0
2010/6/2,5:00,1
2010/6/2,6:00,33
2010/6/2,7:00,75
2010/6/2,8:00,138
2010/6/2,9:00,196
2010/6/2,10:00,242
2010/6/2,11:00,693
2010/6/2,12:00,1001
2010/6/2,13:00,991
2010/6/2,14:00,919
2010/6/2,15:00,790
2010/6/2,16:00,614
2010/6/2,17:00,408
2010/6/2,18:00,197
2010/6/2,19:00,33
2010/6/2,20:00,0
2010/6/2,21:00,0
2010/6/2,22:00,0
2010/6/2,23:00,0
2010/6/2,24:00:00,0
2010/6/3,1:00,0
2010/6/3,2:00,0
2010/6/3,3:00,0
2010/6/3,4:00,0
2010/6/3,5:00,1
2010/6/3,6:00,35
2010/6/3,7:00,103
2010/6/3,8:00,162
2010/6/3,9:00,175
2010/6/3,10:00,253
2010/6/3,11:00,749
2010/6/3,12:00,954
2010/6/3,13:00,943
2010/6/3,14:00,869
2010/6/3,15:00,735
2010/6/3,16:00,554
2010/6/3,17:00,346
2010/6/3,18:00,153
2010/6/3,19:00,31
2010/6/3,20:00,0
2010/6/3,21:00,0
2010/6/3,22:00,0
2010/6/3,23:00,0
2010/6/3,24:00:00,0
2010/6/4,1:00,0
2010/6/4,2:00,0
2010/6/4,3:00,0
2010/6/4,4:00,0
2010/6/4,5:00,1
2010/6/4,6:00,31
2010/6/4,7:00,61
2010/6/4,8:00,112
2010/6/4,9:00,162
2010/6/4,10:00,201
2010/6/4,11:00,519
2010/6/4,12:00,991
2010/6/4,13:00,982
2010/6/4,14:00,910
2010/6/4,15:00,781
2010/6/4,16:00,604
2010/6/4,17:00,396
2010/6/4,18:00,144
2010/6/4,19:00,30
2010/6/4,20:00,0
2010/6/4,21:00,0
2010/6/4,22:00,0
2010/6/4,23:00,0
2010/6/4,24:00:00,0
2010/6/5,1:00,0
2010/6/5,2:00,0
2010/6/5,3:00,0
2010/6/5,4:00,0
2010/6/5,5:00,1
2010/6/5,6:00,80
2010/6/5,7:00,88
2010/6/5,8:00,268
2010/6/5,9:00,329
2010/6/5,10:00,280
2010/6/5,11:00,832
2010/6/5,12:00,995
2010/6/5,13:00,986
2010/6/5,14:00,914
2010/6/5,15:00,787
2010/6/5,16:00,612
2010/6/5,17:00,253
2010/6/5,18:00,40
2010/6/5,19:00,15
2010/6/5,20:00,0
2010/6/5,21:00,0
2010/6/5,22:00,0
2010/6/5,23:00,0
2010/6/5,24:00:00,0
2010/6/6,1:00,0
2010/6/6,2:00,0
2010/6/6,3:00,0
2010/6/6,4:00,0
2010/6/6,5:00,1
2010/6/6,6:00,34
2010/6/6,7:00,76
2010/6/6,8:00,115
2010/6/6,9:00,634
2010/6/6,10:00,800
2010/6/6,11:00,915
2010/6/6,12:00,969
2010/6/6,13:00,960
2010/6/6,14:00,888
2010/6/6,15:00,757
2010/6/6,16:00,578
2010/6/6,17:00,371
2010/6/6,18:00,146
2010/6/6,19:00,31
2010/6/6,20:00,0
2010/6/6,21:00,0
2010/6/6,22:00,0
2010/6/6,23:00,0
2010/6/6,24:00:00,0
2010/6/7,1:00,0
2010/6/7,2:00,0
2010/6/7,3:00,0
2010/6/7,4:00,0
2010/6/7,5:00,1
2010/6/7,6:00,29
2010/6/7,7:00,62
2010/6/7,8:00,114
2010/6/7,9:00,194
2010/6/7,10:00,606
2010/6/7,11:00,944
2010/6/7,12:00,998
2010/6/7,13:00,989
2010/6/7,14:00,917
2010/6/7,15:00,788
2010/6/7,16:00,612
2010/6/7,17:00,407
2010/6/7,18:00,197
2010/6/7,19:00,39
2010/6/7,20:00,0
2010/6/7,21:00,0
2010/6/7,22:00,0
2010/6/7,23:00,0
2010/6/7,24:00:00,0
2010/6/8,1:00,0
2010/6/8,2:00,0
2010/6/8,3:00,0
2010/6/8,4:00,0
2010/6/8,5:00,1
2010/6/8,6:00,27
2010/6/8,7:00,55
2010/6/8,8:00,112
2010/6/8,9:00,161
2010/6/8,10:00,241
2010/6/8,11:00,273
2010/6/8,12:00,445
2010/6/8,13:00,534
2010/6/8,14:00,925
2010/6/8,15:00,779
2010/6/8,16:00,602
2010/6/8,17:00,395
2010/6/8,18:00,102
2010/6/8,19:00,25
2010/6/8,20:00,0
2010/6/8,21:00,0
2010/6/8,22:00,0
2010/6/8,23:00,0
2010/6/8,24:00:00,0
2010/6/9,1:00,0
2010/6/9,2:00,0
2010/6/9,3:00,0
2010/6/9,4:00,0
2010/6/9,5:00,1
2010/6/9,6:00,66
2010/6/9,7:00,84
2010/6/9,8:00,130
2010/6/9,9:00,325
2010/6/9,10:00,610
2010/6/9,11:00,655
2010/6/9,12:00,757
2010/6/9,13:00,609
2010/6/9,14:00,877
2010/6/9,15:00,692
2010/6/9,16:00,567
2010/6/9,17:00,327
2010/6/9,18:00,163
2010/6/9,19:00,35
2010/6/9,20:00,0
2010/6/9,21:00,0
2010/6/9,22:00,0
2010/6/9,23:00,0
2010/6/9,24:00:00,0
2010/6/10,1:00,0
2010/6/10,2:00,0
2010/6/10,3:00,0
2010/6/10,4:00,0
2010/6/10,5:00,1
2010/6/10,6:00,27
2010/6/10,7:00,64
2010/6/10,8:00,116
2010/6/10,9:00,279
2010/6/10,10:00,625
2010/6/10,11:00,489
2010/6/10,12:00,922
2010/6/10,13:00,863
2010/6/10,14:00,338
2010/6/10,15:00,232
2010/6/10,16:00,638
2010/6/10,17:00,121
2010/6/10,18:00,99
2010/6/10,19:00,23
2010/6/10,20:00,0
2010/6/10,21:00,0
2010/6/10,22:00,0
2010/6/10,23:00,0
2010/6/10,24:00:00,0
2010/6/11,1:00,0
2010/6/11,2:00,0
2010/6/11,3:00,0
2010/6/11,4:00,0
2010/6/11,5:00,1
2010/6/11,6:00,86
2010/6/11,7:00,104
2010/6/11,8:00,298
2010/6/11,9:00,373
2010/6/11,10:00,750
2010/6/11,11:00,702
2010/6/11,12:00,938
2010/6/11,13:00,518
2010/6/11,14:00,735
2010/6/11,15:00,507
2010/6/11,16:00,187
2010/6/11,17:00,128
2010/6/11,18:00,179
2010/6/11,19:00,43
2010/6/11,20:00,0
2010/6/11,21:00,0
2010/6/11,22:00,0
2010/6/11,23:00,0
2010/6/11,24:00:00,0
2010/6/12,1:00,0
2010/6/12,2:00,0
2010/6/12,3:00,0
2010/6/12,4:00,0
2010/6/12,5:00,1
2010/6/12,6:00,47
2010/6/12,7:00,74
2010/6/12,8:00,136
2010/6/12,9:00,194
2010/6/12,10:00,241
2010/6/12,11:00,594
2010/6/12,12:00,648
2010/6/12,13:00,959
2010/6/12,14:00,618
2010/6/12,15:00,687
2010/6/12,16:00,627
2010/6/12,17:00,420
2010/6/12,18:00,208
2010/6/12,19:00,43
2010/6/12,20:00,0
2010/6/12,21:00,0
2010/6/12,22:00,0
2010/6/12,23:00,0
2010/6/12,24:00:00,0
2010/6/13,1:00,0
2010/6/13,2:00,0
2010/6/13,3:00,0
2010/6/13,4:00,0
2010/6/13,5:00,1
2010/6/13,6:00,51
2010/6/13,7:00,123
2010/6/13,8:00,133
2010/6/13,9:00,193
2010/6/13,10:00,241
2010/6/13,11:00,932
2010/6/13,12:00,988
2010/6/13,13:00,981
2010/6/13,14:00,910
2010/6/13,15:00,781
2010/6/13,16:00,604
2010/6/13,17:00,395
2010/6/13,18:00,187
2010/6/13,19:00,40
2010/6/13,20:00,0
2010/6/13,21:00,0
2010/6/13,22:00,0
2010/6/13,23:00,0
2010/6/13,24:00:00,0
2010/6/14,1:00,0
2010/6/14,2:00,0
2010/6/14,3:00,0
2010/6/14,4:00,0
2010/6/14,5:00,1
2010/6/14,6:00,77
2010/6/14,7:00,260
2010/6/14,8:00,475
2010/6/14,9:00,676
2010/6/14,10:00,840
2010/6/14,11:00,954
2010/6/14,12:00,1010
2010/6/14,13:00,1002
2010/6/14,14:00,934
2010/6/14,15:00,807
2010/6/14,16:00,633
2010/6/14,17:00,426
2010/6/14,18:00,212
2010/6/14,19:00,46
2010/6/14,20:00,0
2010/6/14,21:00,0
2010/6/14,22:00,0
2010/6/14,23:00,0
2010/6/14,24:00:00,0
2010/6/15,1:00,0
2010/6/15,2:00,0
2010/6/15,3:00,0
2010/6/15,4:00,0
2010/6/15,5:00,1
2010/6/15,6:00,31
2010/6/15,7:00,62
2010/6/15,8:00,133
2010/6/15,9:00,663
2010/6/15,10:00,830
2010/6/15,11:00,729
2010/6/15,12:00,832
2010/6/15,13:00,960
2010/6/15,14:00,926
2010/6/15,15:00,799
2010/6/15,16:00,623
2010/6/15,17:00,414
2010/6/15,18:00,201
2010/6/15,19:00,43
2010/6/15,20:00,0
2010/6/15,21:00,0
2010/6/15,22:00,0
2010/6/15,23:00,0
2010/6/15,24:00:00,0
2010/6/16,1:00,0
2010/6/16,2:00,0
2010/6/16,3:00,0
2010/6/16,4:00,0
2010/6/16,5:00,1
2010/6/16,6:00,36
2010/6/16,7:00,72
2010/6/16,8:00,134
2010/6/16,9:00,193
2010/6/16,10:00,240
2010/6/16,11:00,357
2010/6/16,12:00,622
2010/6/16,13:00,1008
2010/6/16,14:00,938
2010/6/16,15:00,810
2010/6/16,16:00,633
2010/6/16,17:00,423
2010/6/16,18:00,208
2010/6/16,19:00,45
2010/6/16,20:00,0
2010/6/16,21:00,0
2010/6/16,22:00,0
2010/6/16,23:00,0
2010/6/16,24:00:00,0
2010/6/17,1:00,0
2010/6/17,2:00,0
2010/6/17,3:00,0
2010/6/17,4:00,0
2010/6/17,5:00,1
2010/6/17,6:00,36
2010/6/17,7:00,72
2010/6/17,8:00,428
2010/6/17,9:00,676
2010/6/17,10:00,844
2010/6/17,11:00,960
2010/6/17,12:00,1016
2010/6/17,13:00,1008
2010/6/17,14:00,939
2010/6/17,15:00,812
2010/6/17,16:00,635
2010/6/17,17:00,424
2010/6/17,18:00,209
2010/6/17,19:00,45
2010/6/17,20:00,0
2010/6/17,21:00,0
2010/6/17,22:00,0
2010/6/17,23:00,0
2010/6/17,24:00:00,0
2010/6/18,1:00,0
2010/6/18,2:00,0
2010/6/18,3:00,0
2010/6/18,4:00,0
2010/6/18,5:00,1
2010/6/18,6:00,32
2010/6/18,7:00,75
2010/6/18,8:00,137
2010/6/18,9:00,195
2010/6/18,10:00,241
2010/6/18,11:00,612
2010/6/18,12:00,1022
2010/6/18,13:00,1016
2010/6/18,14:00,948
2010/6/18,15:00,822
2010/6/18,16:00,648
2010/6/18,17:00,439
2010/6/18,18:00,222
2010/6/18,19:00,50
2010/6/18,20:00,0
2010/6/18,21:00,0
2010/6/18,22:00,0
2010/6/18,23:00,0
2010/6/18,24:00:00,0
2010/6/19,1:00,0
2010/6/19,2:00,0
2010/6/19,3:00,0
2010/6/19,4:00,0
2010/6/19,5:00,1
2010/6/19,6:00,34
2010/6/19,7:00,73
2010/6/19,8:00,135
2010/6/19,9:00,295
2010/6/19,10:00,671
2010/6/19,11:00,961
2010/6/19,12:00,1018
2010/6/19,13:00,1011
2010/6/19,14:00,944
2010/6/19,15:00,818
2010/6/19,16:00,644
2010/6/19,17:00,434
2010/6/19,18:00,218
2010/6/19,19:00,48
2010/6/19,20:00,0
2010/6/19,21:00,0
2010/6/19,22:00,0
2010/6/19,23:00,0
2010/6/19,24:00:00,0
2010/6/20,1:00,0
2010/6/20,2:00,0
2010/6/20,3:00,0
2010/6/20,4:00,0
2010/6/20,5:00,1
2010/6/20,6:00,39
2010/6/20,7:00,77
2010/6/20,8:00,139
2010/6/20,9:00,240
2010/6/20,10:00,801
2010/6/20,11:00,966
2010/6/20,12:00,1022
2010/6/20,13:00,1016
2010/6/20,14:00,950
2010/6/20,15:00,826
2010/6/20,16:00,654
2010/6/20,17:00,446
2010/6/20,18:00,230
2010/6/20,19:00,53
2010/6/20,20:00,0
2010/6/20,21:00,0
2010/6/20,22:00,0
2010/6/20,23:00,0
2010/6/20,24:00:00,0
2010/6/21,1:00,0
2010/6/21,2:00,0
2010/6/21,3:00,0
2010/6/21,4:00,0
2010/6/21,5:00,1
2010/6/21,6:00,27
2010/6/21,7:00,80
2010/6/21,8:00,143
2010/6/21,9:00,199
2010/6/21,10:00,245
2010/6/21,11:00,465
2010/6/21,12:00,866
2010/6/21,13:00,1023
2010/6/21,14:00,955
2010/6/21,15:00,830
2010/6/21,16:00,658
2010/6/21,17:00,453
2010/6/21,18:00,205
2010/6/21,19:00,57
2010/6/21,20:00,0
2010/6/21,21:00,0
2010/6/21,22:00,0
2010/6/21,23:00,0
2010/6/21,24:00:00,0
2010/6/22,1:00,0
2010/6/22,2:00,0
2010/6/22,3:00,0
2010/6/22,4:00,0
2010/6/22,5:00,1
2010/6/22,6:00,33
2010/6/22,7:00,73
2010/6/22,8:00,135
2010/6/22,9:00,490
2010/6/22,10:00,844
2010/6/22,11:00,960
2010/6/22,12:00,1016
2010/6/22,13:00,1011
2010/6/22,14:00,805
2010/6/22,15:00,819
2010/6/22,16:00,646
2010/6/22,17:00,438
2010/6/22,18:00,222
2010/6/22,19:00,50
2010/6/22,20:00,0
2010/6/22,21:00,0
2010/6/22,22:00,0
2010/6/22,23:00,0
2010/6/22,24:00:00,0
2010/6/23,1:00,0
2010/6/23,2:00,0
2010/6/23,3:00,0
2010/6/23,4:00,0
2010/6/23,5:00,1
2010/6/23,6:00,30
2010/6/23,7:00,59
2010/6/23,8:00,111
2010/6/23,9:00,191
2010/6/23,10:00,831
2010/6/23,11:00,949
2010/6/23,12:00,1007
2010/6/23,13:00,1002
2010/6/23,14:00,935
2010/6/23,15:00,810
2010/6/23,16:00,517
2010/6/23,17:00,358
2010/6/23,18:00,211
2010/6/23,19:00,47
2010/6/23,20:00,0
2010/6/23,21:00,0
2010/6/23,22:00,0
2010/6/23,23:00,0
2010/6/23,24:00:00,0
2010/6/24,1:00,0
2010/6/24,2:00,0
2010/6/24,3:00,0
2010/6/24,4:00,0
2010/6/24,5:00,1
2010/6/24,6:00,47
2010/6/24,7:00,211
2010/6/24,8:00,383
2010/6/24,9:00,662
2010/6/24,10:00,850
2010/6/24,11:00,964
2010/6/24,12:00,1020
2010/6/24,13:00,1014
2010/6/24,14:00,949
2010/6/24,15:00,827
2010/6/24,16:00,658
2010/6/24,17:00,452
2010/6/24,18:00,238
2010/6/24,19:00,58
2010/6/24,20:00,0
2010/6/24,21:00,0
2010/6/24,22:00,0
2010/6/24,23:00,0
2010/6/24,24:00:00,0
2010/6/25,1:00,0
2010/6/25,2:00,0
2010/6/25,3:00,0
2010/6/25,4:00,0
2010/6/25,5:00,1
2010/6/25,6:00,28
2010/6/25,7:00,60
2010/6/25,8:00,111
2010/6/25,9:00,191
2010/6/25,10:00,398
2010/6/25,11:00,943
2010/6/25,12:00,1000
2010/6/25,13:00,994
2010/6/25,14:00,928
2010/6/25,15:00,806
2010/6/25,16:00,631
2010/6/25,17:00,426
2010/6/25,18:00,214
2010/6/25,19:00,49
2010/6/25,20:00,0
2010/6/25,21:00,0
2010/6/25,22:00,0
2010/6/25,23:00,0
2010/6/25,24:00:00,0
2010/6/26,1:00,0
2010/6/26,2:00,0
2010/6/26,3:00,0
2010/6/26,4:00,0
2010/6/26,5:00,1
2010/6/26,6:00,29
2010/6/26,7:00,75
2010/6/26,8:00,115
2010/6/26,9:00,164
2010/6/26,10:00,241
2010/6/26,11:00,837
2010/6/26,12:00,1009
2010/6/26,13:00,1004
2010/6/26,14:00,938
2010/6/26,15:00,815
2010/6/26,16:00,644
2010/6/26,17:00,442
2010/6/26,18:00,230
2010/6/26,19:00,55
2010/6/26,20:00,0
2010/6/26,21:00,0
2010/6/26,22:00,0
2010/6/26,23:00,0
2010/6/26,24:00:00,0
2010/6/27,1:00,0
2010/6/27,2:00,0
2010/6/27,3:00,0
2010/6/27,4:00,0
2010/6/27,5:00,0
2010/6/27,6:00,27
2010/6/27,7:00,60
2010/6/27,8:00,134
2010/6/27,9:00,192
2010/6/27,10:00,608
2010/6/27,11:00,947
2010/6/27,12:00,1005
2010/6/27,13:00,943
2010/6/27,14:00,934
2010/6/27,15:00,752
2010/6/27,16:00,637
2010/6/27,17:00,332
2010/6/27,18:00,199
2010/6/27,19:00,22
2010/6/27,20:00,0
2010/6/27,21:00,0
2010/6/27,22:00,0
2010/6/27,23:00,0
2010/6/27,24:00:00,0
2010/6/28,1:00,0
2010/6/28,2:00,0
2010/6/28,3:00,0
2010/6/28,4:00,0
2010/6/28,5:00,0
2010/6/28,6:00,24
2010/6/28,7:00,62
2010/6/28,8:00,114
2010/6/28,9:00,163
2010/6/28,10:00,202
2010/6/28,11:00,228
2010/6/28,12:00,241
2010/6/28,13:00,500
2010/6/28,14:00,660
2010/6/28,15:00,558
2010/6/28,16:00,339
2010/6/28,17:00,145
2010/6/28,18:00,56
2010/6/28,19:00,21
2010/6/28,20:00,0
2010/6/28,21:00,0
2010/6/28,22:00,0
2010/6/28,23:00,0
2010/6/28,24:00:00,0
2010/6/29,1:00,0
2010/6/29,2:00,0
2010/6/29,3:00,0
2010/6/29,4:00,0
2010/6/29,5:00,0
2010/6/29,6:00,28
2010/6/29,7:00,59
2010/6/29,8:00,110
2010/6/29,9:00,190
2010/6/29,10:00,238
2010/6/29,11:00,270
2010/6/29,12:00,872
2010/6/29,13:00,885
2010/6/29,14:00,934
2010/6/29,15:00,810
2010/6/29,16:00,637
2010/6/29,17:00,262
2010/6/29,18:00,85
2010/6/29,19:00,28
2010/6/29,20:00,0
2010/6/29,21:00,0
2010/6/29,22:00,0
2010/6/29,23:00,0
2010/6/29,24:00:00,0
2010/6/30,1:00,0
2010/6/30,2:00,0
2010/6/30,3:00,0
2010/6/30,4:00,0
2010/6/30,5:00,0
2010/6/30,6:00,25
2010/6/30,7:00,60
2010/6/30,8:00,112
2010/6/30,9:00,161
2010/6/30,10:00,200
2010/6/30,11:00,657
2010/6/30,12:00,1006
2010/6/30,13:00,1002
2010/6/30,14:00,936
2010/6/30,15:00,812
2010/6/30,16:00,641
2010/6/30,17:00,438
2010/6/30,18:00,205
2010/6/30,19:00,51
2010/6/30,20:00,0
2010/6/30,21:00,0
2010/6/30,22:00,0
2010/6/30,23:00,0
2010/6/30,24:00:00,0
2010/7/1,1:00,0
2010/7/1,2:00,0
2010/7/1,3:00,0
2010/7/1,4:00,0
2010/7/1,5:00,1
2010/7/1,6:00,44
2010/7/1,7:00,138
2010/7/1,8:00,320
2010/7/1,9:00,487
2010/7/1,10:00,638
2010/7/1,11:00,634
2010/7/1,12:00,857
2010/7/1,13:00,906
2010/7/1,14:00,960
2010/7/1,15:00,836
2010/7/1,16:00,663
2010/7/1,17:00,456
2010/7/1,18:00,239
2010/7/1,19:00,57
2010/7/1,20:00,0
2010/7/1,21:00,0
2010/7/1,22:00,0
2010/7/1,23:00,0
2010/7/1,24:00:00,0
2010/7/2,1:00,0
2010/7/2,2:00,0
2010/7/2,3:00,0
2010/7/2,4:00,0
2010/7/2,5:00,0
2010/7/2,6:00,25
2010/7/2,7:00,62
2010/7/2,8:00,115
2010/7/2,9:00,581
2010/7/2,10:00,655
2010/7/2,11:00,964
2010/7/2,12:00,1023
2010/7/2,13:00,1020
2010/7/2,14:00,954
2010/7/2,15:00,829
2010/7/2,16:00,656
2010/7/2,17:00,449
2010/7/2,18:00,232
2010/7/2,19:00,55
2010/7/2,20:00,0
2010/7/2,21:00,0
2010/7/2,22:00,0
2010/7/2,23:00,0
2010/7/2,24:00:00,0
2010/7/3,1:00,0
2010/7/3,2:00,0
2010/7/3,3:00,0
2010/7/3,4:00,0
2010/7/3,5:00,0
2010/7/3,6:00,31
2010/7/3,7:00,72
2010/7/3,8:00,135
2010/7/3,9:00,195
2010/7/3,10:00,243
2010/7/3,11:00,442
2010/7/3,12:00,1014
2010/7/3,13:00,803
2010/7/3,14:00,890
2010/7/3,15:00,823
2010/7/3,16:00,651
2010/7/3,17:00,444
2010/7/3,18:00,228
2010/7/3,19:00,53
2010/7/3,20:00,0
2010/7/3,21:00,0
2010/7/3,22:00,0
2010/7/3,23:00,0
2010/7/3,24:00:00,0
2010/7/4,1:00,0
2010/7/4,2:00,0
2010/7/4,3:00,0
2010/7/4,4:00,0
2010/7/4,5:00,0
2010/7/4,6:00,37
2010/7/4,7:00,89
2010/7/4,8:00,138
2010/7/4,9:00,194
2010/7/4,10:00,245
2010/7/4,11:00,280
2010/7/4,12:00,298
2010/7/4,13:00,856
2010/7/4,14:00,908
2010/7/4,15:00,780
2010/7/4,16:00,603
2010/7/4,17:00,395
2010/7/4,18:00,188
2010/7/4,19:00,44
2010/7/4,20:00,0
2010/7/4,21:00,0
2010/7/4,22:00,0
2010/7/4,23:00,0
2010/7/4,24:00:00,0
2010/7/5,1:00,0
2010/7/5,2:00,0
2010/7/5,3:00,0
2010/7/5,4:00,0
2010/7/5,5:00,0
2010/7/5,6:00,33
2010/7/5,7:00,70
2010/7/5,8:00,131
2010/7/5,9:00,191
2010/7/5,10:00,817
2010/7/5,11:00,671
2010/7/5,12:00,244
2010/7/5,13:00,479
2010/7/5,14:00,272
2010/7/5,15:00,355
2010/7/5,16:00,300
2010/7/5,17:00,166
2010/7/5,18:00,67
2010/7/5,19:00,29
2010/7/5,20:00,0
2010/7/5,21:00,0
2010/7/5,22:00,0
2010/7/5,23:00,0
2010/7/5,24:00:00,0
2010/7/6,1:00,0
2010/7/6,2:00,0
2010/7/6,3:00,0
2010/7/6,4:00,0
2010/7/6,5:00,0
2010/7/6,6:00,31
2010/7/6,7:00,79
2010/7/6,8:00,126
2010/7/6,9:00,165
2010/7/6,10:00,208
2010/7/6,11:00,285
2010/7/6,12:00,303
2010/7/6,13:00,302
2010/7/6,14:00,843
2010/7/6,15:00,453
2010/7/6,16:00,594
2010/7/6,17:00,385
2010/7/6,18:00,162
2010/7/6,19:00,41
2010/7/6,20:00,0
2010/7/6,21:00,0
2010/7/6,22:00,0
2010/7/6,23:00,0
2010/7/6,24:00:00,0
2010/7/7,1:00,0
2010/7/7,2:00,0
2010/7/7,3:00,0
2010/7/7,4:00,0
2010/7/7,5:00,0
2010/7/7,6:00,26
2010/7/7,7:00,76
2010/7/7,8:00,140
2010/7/7,9:00,198
2010/7/7,10:00,246
2010/7/7,11:00,150
2010/7/7,12:00,342
2010/7/7,13:00,377
2010/7/7,14:00,936
2010/7/7,15:00,817
2010/7/7,16:00,662
2010/7/7,17:00,309
2010/7/7,18:00,239
2010/7/7,19:00,57
2010/7/7,20:00,0
2010/7/7,21:00,0
2010/7/7,22:00,0
2010/7/7,23:00,0
2010/7/7,24:00:00,0
2010/7/8,1:00,0
2010/7/8,2:00,0
2010/7/8,3:00,0
2010/7/8,4:00,0
2010/7/8,5:00,0
2010/7/8,6:00,22
2010/7/8,7:00,62
2010/7/8,8:00,116
2010/7/8,9:00,165
2010/7/8,10:00,205
2010/7/8,11:00,278
2010/7/8,12:00,294
2010/7/8,13:00,531
2010/7/8,14:00,469
2010/7/8,15:00,832
2010/7/8,16:00,662
2010/7/8,17:00,318
2010/7/8,18:00,215
2010/7/8,19:00,48
2010/7/8,20:00,0
2010/7/8,21:00,0
2010/7/8,22:00,0
2010/7/8,23:00,0
2010/7/8,24:00:00,0
2010/7/9,1:00,0
2010/7/9,2:00,0
2010/7/9,3:00,0
2010/7/9,4:00,0
2010/7/9,5:00,0
2010/7/9,6:00,41
2010/7/9,7:00,110
2010/7/9,8:00,301
2010/7/9,9:00,400
2010/7/9,10:00,546
2010/7/9,11:00,560
2010/7/9,12:00,824
2010/7/9,13:00,1001
2010/7/9,14:00,647
2010/7/9,15:00,762
2010/7/9,16:00,514
2010/7/9,17:00,254
2010/7/9,18:00,205
2010/7/9,19:00,47
2010/7/9,20:00,0
2010/7/9,21:00,0
2010/7/9,22:00,0
2010/7/9,23:00,0
2010/7/9,24:00:00,0
2010/7/10,1:00,0
2010/7/10,2:00,0
2010/7/10,3:00,0
2010/7/10,4:00,0
2010/7/10,5:00,0
2010/7/10,6:00,20
2010/7/10,7:00,53
2010/7/10,8:00,117
2010/7/10,9:00,166
2010/7/10,10:00,206
2010/7/10,11:00,918
2010/7/10,12:00,523
2010/7/10,13:00,1003
2010/7/10,14:00,565
2010/7/10,15:00,721
2010/7/10,16:00,651
2010/7/10,17:00,421
2010/7/10,18:00,217
2010/7/10,19:00,52
2010/7/10,20:00,0
2010/7/10,21:00,0
2010/7/10,22:00,0
2010/7/10,23:00,0
2010/7/10,24:00:00,0
2010/7/11,1:00,0
2010/7/11,2:00,0
2010/7/11,3:00,0
2010/7/11,4:00,0
2010/7/11,5:00,0
2010/7/11,6:00,23
2010/7/11,7:00,59
2010/7/11,8:00,112
2010/7/11,9:00,162
2010/7/11,10:00,203
2010/7/11,11:00,231
2010/7/11,12:00,643
2010/7/11,13:00,733
2010/7/11,14:00,554
2010/7/11,15:00,704
2010/7/11,16:00,580
2010/7/11,17:00,445
2010/7/11,18:00,223
2010/7/11,19:00,51
2010/7/11,20:00,0
2010/7/11,21:00,0
2010/7/11,22:00,0
2010/7/11,23:00,0
2010/7/11,24:00:00,0
2010/7/12,1:00,0
2010/7/12,2:00,0
2010/7/12,3:00,0
2010/7/12,4:00,0
2010/7/12,5:00,0
2010/7/12,6:00,22
2010/7/12,7:00,58
2010/7/12,8:00,271
2010/7/12,9:00,433
2010/7/12,10:00,813
2010/7/12,11:00,931
2010/7/12,12:00,991
2010/7/12,13:00,989
2010/7/12,14:00,927
2010/7/12,15:00,808
2010/7/12,16:00,639
2010/7/12,17:00,437
2010/7/12,18:00,224
2010/7/12,19:00,51
2010/7/12,20:00,0
2010/7/12,21:00,0
2010/7/12,22:00,0
2010/7/12,23:00,0
2010/7/12,24:00:00,0
2010/7/13,1:00,0
2010/7/13,2:00,0
2010/7/13,3:00,0
2010/7/13,4:00,0
2010/7/13,5:00,0
2010/7/13,6:00,49
2010/7/13,7:00,210
2010/7/13,8:00,421
2010/7/13,9:00,627
2010/7/13,10:00,798
2010/7/13,11:00,918
2010/7/13,12:00,979
2010/7/13,13:00,976
2010/7/13,14:00,912
2010/7/13,15:00,789
2010/7/13,16:00,616
2010/7/13,17:00,409
2010/7/13,18:00,199
2010/7/13,19:00,43
2010/7/13,20:00,0
2010/7/13,21:00,0
2010/7/13,22:00,0
2010/7/13,23:00,0
2010/7/13,24:00:00,0
2010/7/14,1:00,0
2010/7/14,2:00,0
2010/7/14,3:00,0
2010/7/14,4:00,0
2010/7/14,5:00,0
2010/7/14,6:00,48
2010/7/14,7:00,207
2010/7/14,8:00,418
2010/7/14,9:00,623
2010/7/14,10:00,773
2010/7/14,11:00,913
2010/7/14,12:00,975
2010/7/14,13:00,973
2010/7/14,14:00,907
2010/7/14,15:00,783
2010/7/14,16:00,610
2010/7/14,17:00,405
2010/7/14,18:00,196
2010/7/14,19:00,42
2010/7/14,20:00,0
2010/7/14,21:00,0
2010/7/14,22:00,0
2010/7/14,23:00,0
2010/7/14,24:00:00,0
2010/7/15,1:00,0
2010/7/15,2:00,0
2010/7/15,3:00,0
2010/7/15,4:00,0
2010/7/15,5:00,0
2010/7/15,6:00,43
2010/7/15,7:00,183
2010/7/15,8:00,385
2010/7/15,9:00,590
2010/7/15,10:00,762
2010/7/15,11:00,883
2010/7/15,12:00,945
2010/7/15,13:00,944
2010/7/15,14:00,878
2010/7/15,15:00,753
2010/7/15,16:00,579
2010/7/15,17:00,374
2010/7/15,18:00,174
2010/7/15,19:00,39
2010/7/15,20:00,0
2010/7/15,21:00,0
2010/7/15,22:00,0
2010/7/15,23:00,0
2010/7/15,24:00:00,0
2010/7/16,1:00,0
2010/7/16,2:00,0
2010/7/16,3:00,0
2010/7/16,4:00,0
2010/7/16,5:00,0
2010/7/16,6:00,43
2010/7/16,7:00,187
2010/7/16,8:00,391
2010/7/16,9:00,374
2010/7/16,10:00,766
2010/7/16,11:00,741
2010/7/16,12:00,950
2010/7/16,13:00,948
2010/7/16,14:00,885
2010/7/16,15:00,762
2010/7/16,16:00,589
2010/7/16,17:00,383
2010/7/16,18:00,179
2010/7/16,19:00,39
2010/7/16,20:00,0
2010/7/16,21:00,0
2010/7/16,22:00,0
2010/7/16,23:00,0
2010/7/16,24:00:00,0
2010/7/17,1:00,0
2010/7/17,2:00,0
2010/7/17,3:00,0
2010/7/17,4:00,0
2010/7/17,5:00,0
2010/7/17,6:00,50
2010/7/17,7:00,219
2010/7/17,8:00,430
2010/7/17,9:00,632
2010/7/17,10:00,800
2010/7/17,11:00,918
2010/7/17,12:00,979
2010/7/17,13:00,978
2010/7/17,14:00,916
2010/7/17,15:00,797
2010/7/17,16:00,628
2010/7/17,17:00,424
2010/7/17,18:00,212
2010/7/17,19:00,45
2010/7/17,20:00,0
2010/7/17,21:00,0
2010/7/17,22:00,0
2010/7/17,23:00,0
2010/7/17,24:00:00,0
2010/7/18,1:00,0
2010/7/18,2:00,0
2010/7/18,3:00,0
2010/7/18,4:00,0
2010/7/18,5:00,0
2010/7/18,6:00,45
2010/7/18,7:00,175
2010/7/18,8:00,325
2010/7/18,9:00,640
2010/7/18,10:00,806
2010/7/18,11:00,924
2010/7/18,12:00,984
2010/7/18,13:00,983
2010/7/18,14:00,921
2010/7/18,15:00,802
2010/7/18,16:00,635
2010/7/18,17:00,433
2010/7/18,18:00,197
2010/7/18,19:00,34
2010/7/18,20:00,0
2010/7/18,21:00,0
2010/7/18,22:00,0
2010/7/18,23:00,0
2010/7/18,24:00:00,0
2010/7/19,1:00,0
2010/7/19,2:00,0
2010/7/19,3:00,0
2010/7/19,4:00,0
2010/7/19,5:00,0
2010/7/19,6:00,18
2010/7/19,7:00,59
2010/7/19,8:00,113
2010/7/19,9:00,410
2010/7/19,10:00,443
2010/7/19,11:00,888
2010/7/19,12:00,745
2010/7/19,13:00,990
2010/7/19,14:00,928
2010/7/19,15:00,755
2010/7/19,16:00,571
2010/7/19,17:00,438
2010/7/19,18:00,225
2010/7/19,19:00,44
2010/7/19,20:00,0
2010/7/19,21:00,0
2010/7/19,22:00,0
2010/7/19,23:00,0
2010/7/19,24:00:00,0
2010/7/20,1:00,0
2010/7/20,2:00,0
2010/7/20,3:00,0
2010/7/20,4:00,0
2010/7/20,5:00,0
2010/7/20,6:00,20
2010/7/20,7:00,54
2010/7/20,8:00,107
2010/7/20,9:00,158
2010/7/20,10:00,200
2010/7/20,11:00,397
2010/7/20,12:00,731
2010/7/20,13:00,836
2010/7/20,14:00,929
2010/7/20,15:00,785
2010/7/20,16:00,605
2010/7/20,17:00,309
2010/7/20,18:00,213
2010/7/20,19:00,33
2010/7/20,20:00,0
2010/7/20,21:00,0
2010/7/20,22:00,0
2010/7/20,23:00,0
2010/7/20,24:00:00,0
2010/7/21,1:00,0
2010/7/21,2:00,0
2010/7/21,3:00,0
2010/7/21,4:00,0
2010/7/21,5:00,0
2010/7/21,6:00,20
2010/7/21,7:00,55
2010/7/21,8:00,108
2010/7/21,9:00,159
2010/7/21,10:00,200
2010/7/21,11:00,229
2010/7/21,12:00,290
2010/7/21,13:00,290
2010/7/21,14:00,448
2010/7/21,15:00,768
2010/7/21,16:00,655
2010/7/21,17:00,426
2010/7/21,18:00,216
2010/7/21,19:00,18
2010/7/21,20:00,0
2010/7/21,21:00,0
2010/7/21,22:00,0
2010/7/21,23:00,0
2010/7/21,24:00:00,0
2010/7/22,1:00,0
2010/7/22,2:00,0
2010/7/22,3:00,0
2010/7/22,4:00,0
2010/7/22,5:00,0
2010/7/22,6:00,20
2010/7/22,7:00,53
2010/7/22,8:00,106
2010/7/22,9:00,157
2010/7/22,10:00,198
2010/7/22,11:00,227
2010/7/22,12:00,304
2010/7/22,13:00,862
2010/7/22,14:00,931
2010/7/22,15:00,806
2010/7/22,16:00,632
2010/7/22,17:00,424
2010/7/22,18:00,208
2010/7/22,19:00,40
2010/7/22,20:00,0
2010/7/22,21:00,0
2010/7/22,22:00,0
2010/7/22,23:00,0
2010/7/22,24:00:00,0
2010/7/23,1:00,0
2010/7/23,2:00,0
2010/7/23,3:00,0
2010/7/23,4:00,0
2010/7/23,5:00,0
2010/7/23,6:00,33
2010/7/23,7:00,137
2010/7/23,8:00,310
2010/7/23,9:00,397
2010/7/23,10:00,617
2010/7/23,11:00,918
2010/7/23,12:00,982
2010/7/23,13:00,981
2010/7/23,14:00,915
2010/7/23,15:00,790
2010/7/23,16:00,614
2010/7/23,17:00,404
2010/7/23,18:00,191
2010/7/23,19:00,36
2010/7/23,20:00,0
2010/7/23,21:00,0
2010/7/23,22:00,0
2010/7/23,23:00,0
2010/7/23,24:00:00,0
2010/7/24,1:00,0
2010/7/24,2:00,0
2010/7/24,3:00,0
2010/7/24,4:00,0
2010/7/24,5:00,0
2010/7/24,6:00,33
2010/7/24,7:00,150
2010/7/24,8:00,400
2010/7/24,9:00,622
2010/7/24,10:00,788
2010/7/24,11:00,916
2010/7/24,12:00,971
2010/7/24,13:00,975
2010/7/24,14:00,819
2010/7/24,15:00,786
2010/7/24,16:00,613
2010/7/24,17:00,404
2010/7/24,18:00,193
2010/7/24,19:00,36
2010/7/24,20:00,0
2010/7/24,21:00,0
2010/7/24,22:00,0
2010/7/24,23:00,0
2010/7/24,24:00:00,0
2010/7/25,1:00,0
2010/7/25,2:00,0
2010/7/25,3:00,0
2010/7/25,4:00,0
2010/7/25,5:00,0
2010/7/25,6:00,20
2010/7/25,7:00,58
2010/7/25,8:00,101
2010/7/25,9:00,153
2010/7/25,10:00,491
2010/7/25,11:00,689
2010/7/25,12:00,967
2010/7/25,13:00,967
2010/7/25,14:00,903
2010/7/25,15:00,779
2010/7/25,16:00,605
2010/7/25,17:00,396
2010/7/25,18:00,185
2010/7/25,19:00,33
2010/7/25,20:00,0
2010/7/25,21:00,0
2010/7/25,22:00,0
2010/7/25,23:00,0
2010/7/25,24:00:00,0
2010/7/26,1:00,0
2010/7/26,2:00,0
2010/7/26,3:00,0
2010/7/26,4:00,0
2010/7/26,5:00,0
2010/7/26,6:00,19
2010/7/26,7:00,51
2010/7/26,8:00,103
2010/7/26,9:00,185
2010/7/26,10:00,235
2010/7/26,11:00,270
2010/7/26,12:00,585
2010/7/26,13:00,675
2010/7/26,14:00,930
2010/7/26,15:00,804
2010/7/26,16:00,628
2010/7/26,17:00,417
2010/7/26,18:00,200
2010/7/26,19:00,36
2010/7/26,20:00,0
2010/7/26,21:00,0
2010/7/26,22:00,0
2010/7/26,23:00,0
2010/7/26,24:00:00,0
2010/7/27,1:00,0
2010/7/27,2:00,0
2010/7/27,3:00,0
2010/7/27,4:00,0
2010/7/27,5:00,0
2010/7/27,6:00,19
2010/7/27,7:00,67
2010/7/27,8:00,132
2010/7/27,9:00,192
2010/7/27,10:00,241
2010/7/27,11:00,274
2010/7/27,12:00,1005
2010/7/27,13:00,1005
2010/7/27,14:00,422
2010/7/27,15:00,498
2010/7/27,16:00,415
2010/7/27,17:00,390
2010/7/27,18:00,216
2010/7/27,19:00,41
2010/7/27,20:00,0
2010/7/27,21:00,0
2010/7/27,22:00,0
2010/7/27,23:00,0
2010/7/27,24:00:00,0
2010/7/28,1:00,0
2010/7/28,2:00,0
2010/7/28,3:00,0
2010/7/28,4:00,0
2010/7/28,5:00,0
2010/7/28,6:00,34
2010/7/28,7:00,186
2010/7/28,8:00,399
2010/7/28,9:00,609
2010/7/28,10:00,786
2010/7/28,11:00,911
2010/7/28,12:00,773
2010/7/28,13:00,883
2010/7/28,14:00,909
2010/7/28,15:00,782
2010/7/28,16:00,605
2010/7/28,17:00,296
2010/7/28,18:00,180
2010/7/28,19:00,31
2010/7/28,20:00,0
2010/7/28,21:00,0
2010/7/28,22:00,0
2010/7/28,23:00,0
2010/7/28,24:00:00,0
2010/7/29,1:00,0
2010/7/29,2:00,0
2010/7/29,3:00,0
2010/7/29,4:00,0
2010/7/29,5:00,0
2010/7/29,6:00,33
2010/7/29,7:00,185
2010/7/29,8:00,398
2010/7/29,9:00,608
2010/7/29,10:00,783
2010/7/29,11:00,908
2010/7/29,12:00,972
2010/7/29,13:00,972
2010/7/29,14:00,905
2010/7/29,15:00,777
2010/7/29,16:00,600
2010/7/29,17:00,390
2010/7/29,18:00,178
2010/7/29,19:00,30
2010/7/29,20:00,0
2010/7/29,21:00,0
2010/7/29,22:00,0
2010/7/29,23:00,0
2010/7/29,24:00:00,0
2010/7/30,1:00,0
2010/7/30,2:00,0
2010/7/30,3:00,0
2010/7/30,4:00,0
2010/7/30,5:00,0
2010/7/30,6:00,34
2010/7/30,7:00,193
2010/7/30,8:00,364
2010/7/30,9:00,328
2010/7/30,10:00,793
2010/7/30,11:00,917
2010/7/30,12:00,980
2010/7/30,13:00,979
2010/7/30,14:00,913
2010/7/30,15:00,786
2010/7/30,16:00,610
2010/7/30,17:00,400
2010/7/30,18:00,186
2010/7/30,19:00,30
2010/7/30,20:00,0
2010/7/30,21:00,0
2010/7/30,22:00,0
2010/7/30,23:00,0
2010/7/30,24:00:00,0
2010/7/31,1:00,0
2010/7/31,2:00,0
2010/7/31,3:00,0
2010/7/31,4:00,0
2010/7/31,5:00,0
2010/7/31,6:00,17
2010/7/31,7:00,50
2010/7/31,8:00,100
2010/7/31,9:00,152
2010/7/31,10:00,195
2010/7/31,11:00,749
2010/7/31,12:00,552
2010/7/31,13:00,974
2010/7/31,14:00,908
2010/7/31,15:00,782
2010/7/31,16:00,606
2010/7/31,17:00,396
2010/7/31,18:00,182
2010/7/31,19:00,29
2010/7/31,20:00,0
2010/7/31,21:00,0
2010/7/31,22:00,0
2010/7/31,23:00,0
2010/7/31,24:00:00,0
2010/8/1,1:00,0
2010/8/1,2:00,0
2010/8/1,3:00,0
2010/8/1,4:00,0
2010/8/1,5:00,0
2010/8/1,6:00,25
2010/8/1,7:00,128
2010/8/1,8:00,373
2010/8/1,9:00,618
2010/8/1,10:00,793
2010/8/1,11:00,916
2010/8/1,12:00,980
2010/8/1,13:00,978
2010/8/1,14:00,915
2010/8/1,15:00,792
2010/8/1,16:00,617
2010/8/1,17:00,404
2010/8/1,18:00,130
2010/8/1,19:00,29
2010/8/1,20:00,0
2010/8/1,21:00,0
2010/8/1,22:00,0
2010/8/1,23:00,0
2010/8/1,24:00:00,0
2010/8/2,1:00,0
2010/8/2,2:00,0
2010/8/2,3:00,0
2010/8/2,4:00,0
2010/8/2,5:00,0
2010/8/2,6:00,26
2010/8/2,7:00,177
2010/8/2,8:00,348
2010/8/2,9:00,545
2010/8/2,10:00,778
2010/8/2,11:00,904
2010/8/2,12:00,969
2010/8/2,13:00,968
2010/8/2,14:00,900
2010/8/2,15:00,771
2010/8/2,16:00,591
2010/8/2,17:00,377
2010/8/2,18:00,166
2010/8/2,19:00,25
2010/8/2,20:00,0
2010/8/2,21:00,0
2010/8/2,22:00,0
2010/8/2,23:00,0
2010/8/2,24:00:00,0
2010/8/3,1:00,0
2010/8/3,2:00,0
2010/8/3,3:00,0
2010/8/3,4:00,0
2010/8/3,5:00,0
2010/8/3,6:00,27
2010/8/3,7:00,164
2010/8/3,8:00,372
2010/8/3,9:00,584
2010/8/3,10:00,763
2010/8/3,11:00,867
2010/8/3,12:00,956
2010/8/3,13:00,955
2010/8/3,14:00,888
2010/8/3,15:00,760
2010/8/3,16:00,515
2010/8/3,17:00,366
2010/8/3,18:00,157
2010/8/3,19:00,23
2010/8/3,20:00,0
2010/8/3,21:00,0
2010/8/3,22:00,0
2010/8/3,23:00,0
2010/8/3,24:00:00,0
2010/8/4,1:00,0
2010/8/4,2:00,0
2010/8/4,3:00,0
2010/8/4,4:00,0
2010/8/4,5:00,0
2010/8/4,6:00,14
2010/8/4,7:00,49
2010/8/4,8:00,103
2010/8/4,9:00,631
2010/8/4,10:00,806
2010/8/4,11:00,929
2010/8/4,12:00,783
2010/8/4,13:00,990
2010/8/4,14:00,923
2010/8/4,15:00,796
2010/8/4,16:00,619
2010/8/4,17:00,407
2010/8/4,18:00,190
2010/8/4,19:00,28
2010/8/4,20:00,0
2010/8/4,21:00,0
2010/8/4,22:00,0
2010/8/4,23:00,0
2010/8/4,24:00:00,0
2010/8/5,1:00,0
2010/8/5,2:00,0
2010/8/5,3:00,0
2010/8/5,4:00,0
2010/8/5,5:00,0
2010/8/5,6:00,15
2010/8/5,7:00,58
2010/8/5,8:00,114
2010/8/5,9:00,177
2010/8/5,10:00,469
2010/8/5,11:00,897
2010/8/5,12:00,962
2010/8/5,13:00,960
2010/8/5,14:00,894
2010/8/5,15:00,765
2010/8/5,16:00,583
2010/8/5,17:00,368
2010/8/5,18:00,156
2010/8/5,19:00,22
2010/8/5,20:00,0
2010/8/5,21:00,0
2010/8/5,22:00,0
2010/8/5,23:00,0
2010/8/5,24:00:00,0
2010/8/6,1:00,0
2010/8/6,2:00,0
2010/8/6,3:00,0
2010/8/6,4:00,0
2010/8/6,5:00,0
2010/8/6,6:00,15
2010/8/6,7:00,67
2010/8/6,8:00,118
2010/8/6,9:00,192
2010/8/6,10:00,626
2010/8/6,11:00,871
2010/8/6,12:00,938
2010/8/6,13:00,937
2010/8/6,14:00,868
2010/8/6,15:00,735
2010/8/6,16:00,550
2010/8/6,17:00,317
2010/8/6,18:00,136
2010/8/6,19:00,20
2010/8/6,20:00,0
2010/8/6,21:00,0
2010/8/6,22:00,0
2010/8/6,23:00,0
2010/8/6,24:00:00,0
2010/8/7,1:00,0
2010/8/7,2:00,0
2010/8/7,3:00,0
2010/8/7,4:00,0
2010/8/7,5:00,0
2010/8/7,6:00,14
2010/8/7,7:00,48
2010/8/7,8:00,96
2010/8/7,9:00,176
2010/8/7,10:00,228
2010/8/7,11:00,603
2010/8/7,12:00,982
2010/8/7,13:00,980
2010/8/7,14:00,911
2010/8/7,15:00,781
2010/8/7,16:00,599
2010/8/7,17:00,383
2010/8/7,18:00,166
2010/8/7,19:00,21
2010/8/7,20:00,0
2010/8/7,21:00,0
2010/8/7,22:00,0
2010/8/7,23:00,0
2010/8/7,24:00:00,0
2010/8/8,1:00,0
2010/8/8,2:00,0
2010/8/8,3:00,0
2010/8/8,4:00,0
2010/8/8,5:00,0
2010/8/8,6:00,14
2010/8/8,7:00,61
2010/8/8,8:00,125
2010/8/8,9:00,186
2010/8/8,10:00,381
2010/8/8,11:00,932
2010/8/8,12:00,995
2010/8/8,13:00,994
2010/8/8,14:00,928
2010/8/8,15:00,801
2010/8/8,16:00,624
2010/8/8,17:00,411
2010/8/8,18:00,189
2010/8/8,19:00,26
2010/8/8,20:00,0
2010/8/8,21:00,0
2010/8/8,22:00,0
2010/8/8,23:00,0
2010/8/8,24:00:00,0
2010/8/9,1:00,0
2010/8/9,2:00,0
2010/8/9,3:00,0
2010/8/9,4:00,0
2010/8/9,5:00,0
2010/8/9,6:00,16
2010/8/9,7:00,65
2010/8/9,8:00,270
2010/8/9,9:00,541
2010/8/9,10:00,771
2010/8/9,11:00,899
2010/8/9,12:00,964
2010/8/9,13:00,962
2010/8/9,14:00,892
2010/8/9,15:00,761
2010/8/9,16:00,577
2010/8/9,17:00,360
2010/8/9,18:00,149
2010/8/9,19:00,18
2010/8/9,20:00,0
2010/8/9,21:00,0
2010/8/9,22:00,0
2010/8/9,23:00,0
2010/8/9,24:00:00,0
2010/8/10,1:00,0
2010/8/10,2:00,0
2010/8/10,3:00,0
2010/8/10,4:00,0
2010/8/10,5:00,0
2010/8/10,6:00,19
2010/8/10,7:00,81
2010/8/10,8:00,250
2010/8/10,9:00,373
2010/8/10,10:00,413
2010/8/10,11:00,926
2010/8/10,12:00,990
2010/8/10,13:00,987
2010/8/10,14:00,920
2010/8/10,15:00,791
2010/8/10,16:00,609
2010/8/10,17:00,391
2010/8/10,18:00,170
2010/8/10,19:00,19
2010/8/10,20:00,0
2010/8/10,21:00,0
2010/8/10,22:00,0
2010/8/10,23:00,0
2010/8/10,24:00:00,0
2010/8/11,1:00,0
2010/8/11,2:00,0
2010/8/11,3:00,0
2010/8/11,4:00,0
2010/8/11,5:00,0
2010/8/11,6:00,16
2010/8/11,7:00,79
2010/8/11,8:00,144
2010/8/11,9:00,350
2010/8/11,10:00,734
2010/8/11,11:00,865
2010/8/11,12:00,931
2010/8/11,13:00,928
2010/8/11,14:00,855
2010/8/11,15:00,718
2010/8/11,16:00,530
2010/8/11,17:00,315
2010/8/11,18:00,122
2010/8/11,19:00,16
2010/8/11,20:00,0
2010/8/11,21:00,0
2010/8/11,22:00,0
2010/8/11,23:00,0
2010/8/11,24:00:00,0
2010/8/12,1:00,0
2010/8/12,2:00,0
2010/8/12,3:00,0
2010/8/12,4:00,0
2010/8/12,5:00,0
2010/8/12,6:00,11
2010/8/12,7:00,44
2010/8/12,8:00,277
2010/8/12,9:00,494
2010/8/12,10:00,794
2010/8/12,11:00,919
2010/8/12,12:00,981
2010/8/12,13:00,978
2010/8/12,14:00,909
2010/8/12,15:00,779
2010/8/12,16:00,599
2010/8/12,17:00,383
2010/8/12,18:00,164
2010/8/12,19:00,18
2010/8/12,20:00,0
2010/8/12,21:00,0
2010/8/12,22:00,0
2010/8/12,23:00,0
2010/8/12,24:00:00,0
2010/8/13,1:00,0
2010/8/13,2:00,0
2010/8/13,3:00,0
2010/8/13,4:00,0
2010/8/13,5:00,0
2010/8/13,6:00,24
2010/8/13,7:00,180
2010/8/13,8:00,399
2010/8/13,9:00,612
2010/8/13,10:00,789
2010/8/13,11:00,914
2010/8/13,12:00,976
2010/8/13,13:00,973
2010/8/13,14:00,906
2010/8/13,15:00,672
2010/8/13,16:00,597
2010/8/13,17:00,381
2010/8/13,18:00,150
2010/8/13,19:00,17
2010/8/13,20:00,0
2010/8/13,21:00,0
2010/8/13,22:00,0
2010/8/13,23:00,0
2010/8/13,24:00:00,0
2010/8/14,1:00,0
2010/8/14,2:00,0
2010/8/14,3:00,0
2010/8/14,4:00,0
2010/8/14,5:00,0
2010/8/14,6:00,9
2010/8/14,7:00,36
2010/8/14,8:00,96
2010/8/14,9:00,149
2010/8/14,10:00,788
2010/8/14,11:00,912
2010/8/14,12:00,975
2010/8/14,13:00,972
2010/8/14,14:00,905
2010/8/14,15:00,776
2010/8/14,16:00,595
2010/8/14,17:00,378
2010/8/14,18:00,159
2010/8/14,19:00,16
2010/8/14,20:00,0
2010/8/14,21:00,0
2010/8/14,22:00,0
2010/8/14,23:00,0
2010/8/14,24:00:00,0
2010/8/15,1:00,0
2010/8/15,2:00,0
2010/8/15,3:00,0
2010/8/15,4:00,0
2010/8/15,5:00,0
2010/8/15,6:00,17
2010/8/15,7:00,135
2010/8/15,8:00,215
2010/8/15,9:00,429
2010/8/15,10:00,756
2010/8/15,11:00,884
2010/8/15,12:00,947
2010/8/15,13:00,943
2010/8/15,14:00,872
2010/8/15,15:00,738
2010/8/15,16:00,553
2010/8/15,17:00,336
2010/8/15,18:00,130
2010/8/15,19:00,13
2010/8/15,20:00,0
2010/8/15,21:00,0
2010/8/15,22:00,0
2010/8/15,23:00,0
2010/8/15,24:00:00,0
2010/8/16,1:00,0
2010/8/16,2:00,0
2010/8/16,3:00,0
2010/8/16,4:00,0
2010/8/16,5:00,0
2010/8/16,6:00,20
2010/8/16,7:00,167
2010/8/16,8:00,383
2010/8/16,9:00,594
2010/8/16,10:00,770
2010/8/16,11:00,893
2010/8/16,12:00,954
2010/8/16,13:00,950
2010/8/16,14:00,880
2010/8/16,15:00,750
2010/8/16,16:00,569
2010/8/16,17:00,356
2010/8/16,18:00,145
2010/8/16,19:00,11
2010/8/16,20:00,0
2010/8/16,21:00,0
2010/8/16,22:00,0
2010/8/16,23:00,0
2010/8/16,24:00:00,0
2010/8/17,1:00,0
2010/8/17,2:00,0
2010/8/17,3:00,0
2010/8/17,4:00,0
2010/8/17,5:00,0
2010/8/17,6:00,20
2010/8/17,7:00,169
2010/8/17,8:00,382
2010/8/17,9:00,589
2010/8/17,10:00,762
2010/8/17,11:00,884
2010/8/17,12:00,945
2010/8/17,13:00,942
2010/8/17,14:00,873
2010/8/17,15:00,744
2010/8/17,16:00,567
2010/8/17,17:00,357
2010/8/17,18:00,146
2010/8/17,19:00,13
2010/8/17,20:00,0
2010/8/17,21:00,0
2010/8/17,22:00,0
2010/8/17,23:00,0
2010/8/17,24:00:00,0
2010/8/18,1:00,0
2010/8/18,2:00,0
2010/8/18,3:00,0
2010/8/18,4:00,0
2010/8/18,5:00,0
2010/8/18,6:00,19
2010/8/18,7:00,164
2010/8/18,8:00,291
2010/8/18,9:00,584
2010/8/18,10:00,757
2010/8/18,11:00,878
2010/8/18,12:00,939
2010/8/18,13:00,935
2010/8/18,14:00,867
2010/8/18,15:00,739
2010/8/18,16:00,561
2010/8/18,17:00,350
2010/8/18,18:00,140
2010/8/18,19:00,11
2010/8/18,20:00,0
2010/8/18,21:00,0
2010/8/18,22:00,0
2010/8/18,23:00,0
2010/8/18,24:00:00,0
2010/8/19,1:00,0
2010/8/19,2:00,0
2010/8/19,3:00,0
2010/8/19,4:00,0
2010/8/19,5:00,0
2010/8/19,6:00,16
2010/8/19,7:00,134
2010/8/19,8:00,336
2010/8/19,9:00,548
2010/8/19,10:00,727
2010/8/19,11:00,853
2010/8/19,12:00,917
2010/8/19,13:00,914
2010/8/19,14:00,843
2010/8/19,15:00,710
2010/8/19,16:00,525
2010/8/19,17:00,310
2010/8/19,18:00,113
2010/8/19,19:00,9
2010/8/19,20:00,0
2010/8/19,21:00,0
2010/8/19,22:00,0
2010/8/19,23:00,0
2010/8/19,24:00:00,0
2010/8/20,1:00,0
2010/8/20,2:00,0
2010/8/20,3:00,0
2010/8/20,4:00,0
2010/8/20,5:00,0
2010/8/20,6:00,16
2010/8/20,7:00,152
2010/8/20,8:00,366
2010/8/20,9:00,580
2010/8/20,10:00,760
2010/8/20,11:00,885
2010/8/20,12:00,947
2010/8/20,13:00,942
2010/8/20,14:00,870
2010/8/20,15:00,736
2010/8/20,16:00,552
2010/8/20,17:00,335
2010/8/20,18:00,125
2010/8/20,19:00,9
2010/8/20,20:00,0
2010/8/20,21:00,0
2010/8/20,22:00,0
2010/8/20,23:00,0
2010/8/20,24:00:00,0
2010/8/21,1:00,0
2010/8/21,2:00,0
2010/8/21,3:00,0
2010/8/21,4:00,0
2010/8/21,5:00,0
2010/8/21,6:00,15
2010/8/21,7:00,137
2010/8/21,8:00,343
2010/8/21,9:00,556
2010/8/21,10:00,735
2010/8/21,11:00,860
2010/8/21,12:00,923
2010/8/21,13:00,918
2010/8/21,14:00,845
2010/8/21,15:00,711
2010/8/21,16:00,526
2010/8/21,17:00,311
2010/8/21,18:00,111
2010/8/21,19:00,8
2010/8/21,20:00,0
2010/8/21,21:00,0
2010/8/21,22:00,0
2010/8/21,23:00,0
2010/8/21,24:00:00,0
2010/8/22,1:00,0
2010/8/22,2:00,0
2010/8/22,3:00,0
2010/8/22,4:00,0
2010/8/22,5:00,0
2010/8/22,6:00,14
2010/8/22,7:00,138
2010/8/22,8:00,345
2010/8/22,9:00,558
2010/8/22,10:00,736
2010/8/22,11:00,862
2010/8/22,12:00,926
2010/8/22,13:00,921
2010/8/22,14:00,849
2010/8/22,15:00,715
2010/8/22,16:00,529
2010/8/22,17:00,313
2010/8/22,18:00,111
2010/8/22,19:00,7
2010/8/22,20:00,0
2010/8/22,21:00,0
2010/8/22,22:00,0
2010/8/22,23:00,0
2010/8/22,24:00:00,0
2010/8/23,1:00,0
2010/8/23,2:00,0
2010/8/23,3:00,0
2010/8/23,4:00,0
2010/8/23,5:00,0
2010/8/23,6:00,13
2010/8/23,7:00,134
2010/8/23,8:00,342
2010/8/23,9:00,558
2010/8/23,10:00,741
2010/8/23,11:00,867
2010/8/23,12:00,930
2010/8/23,13:00,923
2010/8/23,14:00,851
2010/8/23,15:00,716
2010/8/23,16:00,528
2010/8/23,17:00,308
2010/8/23,18:00,106
2010/8/23,19:00,6
2010/8/23,20:00,0
2010/8/23,21:00,0
2010/8/23,22:00,0
2010/8/23,23:00,0
2010/8/23,24:00:00,0
2010/8/24,1:00,0
2010/8/24,2:00,0
2010/8/24,3:00,0
2010/8/24,4:00,0
2010/8/24,5:00,0
2010/8/24,6:00,17
2010/8/24,7:00,165
2010/8/24,8:00,381
2010/8/24,9:00,590
2010/8/24,10:00,763
2010/8/24,11:00,884
2010/8/24,12:00,943
2010/8/24,13:00,936
2010/8/24,14:00,866
2010/8/24,15:00,736
2010/8/24,16:00,556
2010/8/24,17:00,342
2010/8/24,18:00,130
2010/8/24,19:00,7
2010/8/24,20:00,0
2010/8/24,21:00,0
2010/8/24,22:00,0
2010/8/24,23:00,0
2010/8/24,24:00:00,0
2010/8/25,1:00,0
2010/8/25,2:00,0
2010/8/25,3:00,0
2010/8/25,4:00,0
2010/8/25,5:00,0
2010/8/25,6:00,16
2010/8/25,7:00,163
2010/8/25,8:00,377
2010/8/25,9:00,585
2010/8/25,10:00,757
2010/8/25,11:00,877
2010/8/25,12:00,937
2010/8/25,13:00,931
2010/8/25,14:00,861
2010/8/25,15:00,505
2010/8/25,16:00,551
2010/8/25,17:00,79
2010/8/25,18:00,88
2010/8/25,19:00,5
2010/8/25,20:00,0
2010/8/25,21:00,0
2010/8/25,22:00,0
2010/8/25,23:00,0
2010/8/25,24:00:00,0
2010/8/26,1:00,0
2010/8/26,2:00,0
2010/8/26,3:00,0
2010/8/26,4:00,0
2010/8/26,5:00,0
2010/8/26,6:00,11
2010/8/26,7:00,148
2010/8/26,8:00,360
2010/8/26,9:00,570
2010/8/26,10:00,744
2010/8/26,11:00,866
2010/8/26,12:00,926
2010/8/26,13:00,920
2010/8/26,14:00,850
2010/8/26,15:00,718
2010/8/26,16:00,536
2010/8/26,17:00,320
2010/8/26,18:00,113
2010/8/26,19:00,5
2010/8/26,20:00,0
2010/8/26,21:00,0
2010/8/26,22:00,0
2010/8/26,23:00,0
2010/8/26,24:00:00,0
2010/8/27,1:00,0
2010/8/27,2:00,0
2010/8/27,3:00,0
2010/8/27,4:00,0
2010/8/27,5:00,0
2010/8/27,6:00,15
2010/8/27,7:00,159
2010/8/27,8:00,376
2010/8/27,9:00,587
2010/8/27,10:00,762
2010/8/27,11:00,884
2010/8/27,12:00,944
2010/8/27,13:00,938
2010/8/27,14:00,868
2010/8/27,15:00,737
2010/8/27,16:00,554
2010/8/27,17:00,336
2010/8/27,18:00,119
2010/8/27,19:00,5
2010/8/27,20:00,0
2010/8/27,21:00,0
2010/8/27,22:00,0
2010/8/27,23:00,0
2010/8/27,24:00:00,0
2010/8/28,1:00,0
2010/8/28,2:00,0
2010/8/28,3:00,0
2010/8/28,4:00,0
2010/8/28,5:00,0
2010/8/28,6:00,7
2010/8/28,7:00,46
2010/8/28,8:00,110
2010/8/28,9:00,172
2010/8/28,10:00,223
2010/8/28,11:00,515
2010/8/28,12:00,914
2010/8/28,13:00,948
2010/8/28,14:00,875
2010/8/28,15:00,739
2010/8/28,16:00,551
2010/8/28,17:00,330
2010/8/28,18:00,114
2010/8/28,19:00,4
2010/8/28,20:00,0
2010/8/28,21:00,0
2010/8/28,22:00,0
2010/8/28,23:00,0
2010/8/28,24:00:00,0
2010/8/29,1:00,0
2010/8/29,2:00,0
2010/8/29,3:00,0
2010/8/29,4:00,0
2010/8/29,5:00,0
2010/8/29,6:00,7
2010/8/29,7:00,44
2010/8/29,8:00,106
2010/8/29,9:00,476
2010/8/29,10:00,711
2010/8/29,11:00,845
2010/8/29,12:00,899
2010/8/29,13:00,929
2010/8/29,14:00,856
2010/8/29,15:00,720
2010/8/29,16:00,489
2010/8/29,17:00,315
2010/8/29,18:00,105
2010/8/29,19:00,3
2010/8/29,20:00,0
2010/8/29,21:00,0
2010/8/29,22:00,0
2010/8/29,23:00,0
2010/8/29,24:00:00,0
2010/8/30,1:00,0
2010/8/30,2:00,0
2010/8/30,3:00,0
2010/8/30,4:00,0
2010/8/30,5:00,0
2010/8/30,6:00,11
2010/8/30,7:00,139
2010/8/30,8:00,228
2010/8/30,9:00,223
2010/8/30,10:00,680
2010/8/30,11:00,869
2010/8/30,12:00,929
2010/8/30,13:00,922
2010/8/30,14:00,847
2010/8/30,15:00,711
2010/8/30,16:00,523
2010/8/30,17:00,303
2010/8/30,18:00,97
2010/8/30,19:00,2
2010/8/30,20:00,0
2010/8/30,21:00,0
2010/8/30,22:00,0
2010/8/30,23:00,0
2010/8/30,24:00:00,0
2010/8/31,1:00,0
2010/8/31,2:00,0
2010/8/31,3:00,0
2010/8/31,4:00,0
2010/8/31,5:00,0
2010/8/31,6:00,10
2010/8/31,7:00,134
2010/8/31,8:00,347
2010/8/31,9:00,562
2010/8/31,10:00,741
2010/8/31,11:00,866
2010/8/31,12:00,926
2010/8/31,13:00,917
2010/8/31,14:00,842
2010/8/31,15:00,704
2010/8/31,16:00,515
2010/8/31,17:00,294
2010/8/31,18:00,91
2010/8/31,19:00,2
2010/8/31,20:00,0
2010/8/31,21:00,0
2010/8/31,22:00,0
2010/8/31,23:00,0
2010/8/31,24:00:00,0
2010/9/1,1:00,0
2010/9/1,2:00,0
2010/9/1,3:00,0
2010/9/1,4:00,0
2010/9/1,5:00,0
2010/9/1,6:00,9
2010/9/1,7:00,125
2010/9/1,8:00,334
2010/9/1,9:00,550
2010/9/1,10:00,730
2010/9/1,11:00,855
2010/9/1,12:00,916
2010/9/1,13:00,907
2010/9/1,14:00,831
2010/9/1,15:00,692
2010/9/1,16:00,501
2010/9/1,17:00,280
2010/9/1,18:00,83
2010/9/1,19:00,2
2010/9/1,20:00,0
2010/9/1,21:00,0
2010/9/1,22:00,0
2010/9/1,23:00,0
2010/9/1,24:00:00,0
2010/9/2,1:00,0
2010/9/2,2:00,0
2010/9/2,3:00,0
2010/9/2,4:00,0
2010/9/2,5:00,0
2010/9/2,6:00,11
2010/9/2,7:00,151
2010/9/2,8:00,371
2010/9/2,9:00,584
2010/9/2,10:00,758
2010/9/2,11:00,879
2010/9/2,12:00,937
2010/9/2,13:00,927
2010/9/2,14:00,852
2010/9/2,15:00,715
2010/9/2,16:00,528
2010/9/2,17:00,310
2010/9/2,18:00,99
2010/9/2,19:00,2
2010/9/2,20:00,0
2010/9/2,21:00,0
2010/9/2,22:00,0
2010/9/2,23:00,0
2010/9/2,24:00:00,0
2010/9/3,1:00,0
2010/9/3,2:00,0
2010/9/3,3:00,0
2010/9/3,4:00,0
2010/9/3,5:00,0
2010/9/3,6:00,8
2010/9/3,7:00,124
2010/9/3,8:00,322
2010/9/3,9:00,532
2010/9/3,10:00,728
2010/9/3,11:00,852
2010/9/3,12:00,912
2010/9/3,13:00,903
2010/9/3,14:00,826
2010/9/3,15:00,686
2010/9/3,16:00,495
2010/9/3,17:00,273
2010/9/3,18:00,77
2010/9/3,19:00,1
2010/9/3,20:00,0
2010/9/3,21:00,0
2010/9/3,22:00,0
2010/9/3,23:00,0
2010/9/3,24:00:00,0
2010/9/4,1:00,0
2010/9/4,2:00,0
2010/9/4,3:00,0
2010/9/4,4:00,0
2010/9/4,5:00,0
2010/9/4,6:00,8
2010/9/4,7:00,139
2010/9/4,8:00,356
2010/9/4,9:00,570
2010/9/4,10:00,746
2010/9/4,11:00,869
2010/9/4,12:00,928
2010/9/4,13:00,918
2010/9/4,14:00,842
2010/9/4,15:00,703
2010/9/4,16:00,514
2010/9/4,17:00,294
2010/9/4,18:00,87
2010/9/4,19:00,1
2010/9/4,20:00,0
2010/9/4,21:00,0
2010/9/4,22:00,0
2010/9/4,23:00,0
2010/9/4,24:00:00,0
2010/9/5,1:00,0
2010/9/5,2:00,0
2010/9/5,3:00,0
2010/9/5,4:00,0
2010/9/5,5:00,0
2010/9/5,6:00,7
2010/9/5,7:00,114
2010/9/5,8:00,281
2010/9/5,9:00,419
2010/9/5,10:00,529
2010/9/5,11:00,852
2010/9/5,12:00,911
2010/9/5,13:00,900
2010/9/5,14:00,824
2010/9/5,15:00,684
2010/9/5,16:00,493
2010/9/5,17:00,191
2010/9/5,18:00,52
2010/9/5,19:00,0
2010/9/5,20:00,0
2010/9/5,21:00,0
2010/9/5,22:00,0
2010/9/5,23:00,0
2010/9/5,24:00:00,0
2010/9/6,1:00,0
2010/9/6,2:00,0
2010/9/6,3:00,0
2010/9/6,4:00,0
2010/9/6,5:00,0
2010/9/6,6:00,4
2010/9/6,7:00,44
2010/9/6,8:00,80
2010/9/6,9:00,133
2010/9/6,10:00,212
2010/9/6,11:00,248
2010/9/6,12:00,735
2010/9/6,13:00,894
2010/9/6,14:00,811
2010/9/6,15:00,665
2010/9/6,16:00,469
2010/9/6,17:00,202
2010/9/6,18:00,48
2010/9/6,19:00,0
2010/9/6,20:00,0
2010/9/6,21:00,0
2010/9/6,22:00,0
2010/9/6,23:00,0
2010/9/6,24:00:00,0
2010/9/7,1:00,0
2010/9/7,2:00,0
2010/9/7,3:00,0
2010/9/7,4:00,0
2010/9/7,5:00,0
2010/9/7,6:00,5
2010/9/7,7:00,53
2010/9/7,8:00,95
2010/9/7,9:00,158
2010/9/7,10:00,177
2010/9/7,11:00,207
2010/9/7,12:00,222
2010/9/7,13:00,261
2010/9/7,14:00,238
2010/9/7,15:00,196
2010/9/7,16:00,319
2010/9/7,17:00,123
2010/9/7,18:00,61
2010/9/7,19:00,0
2010/9/7,20:00,0
2010/9/7,21:00,0
2010/9/7,22:00,0
2010/9/7,23:00,0
2010/9/7,24:00:00,0
2010/9/8,1:00,0
2010/9/8,2:00,0
2010/9/8,3:00,0
2010/9/8,4:00,0
2010/9/8,5:00,0
2010/9/8,6:00,4
2010/9/8,7:00,40
2010/9/8,8:00,103
2010/9/8,9:00,166
2010/9/8,10:00,217
2010/9/8,11:00,252
2010/9/8,12:00,268
2010/9/8,13:00,264
2010/9/8,14:00,242
2010/9/8,15:00,461
2010/9/8,16:00,369
2010/9/8,17:00,163
2010/9/8,18:00,35
2010/9/8,19:00,0
2010/9/8,20:00,0
2010/9/8,21:00,0
2010/9/8,22:00,0
2010/9/8,23:00,0
2010/9/8,24:00:00,0
2010/9/9,1:00,0
2010/9/9,2:00,0
2010/9/9,3:00,0
2010/9/9,4:00,0
2010/9/9,5:00,0
2010/9/9,6:00,4
2010/9/9,7:00,41
2010/9/9,8:00,105
2010/9/9,9:00,168
2010/9/9,10:00,440
2010/9/9,11:00,739
2010/9/9,12:00,921
2010/9/9,13:00,910
2010/9/9,14:00,707
2010/9/9,15:00,662
2010/9/9,16:00,496
2010/9/9,17:00,275
2010/9/9,18:00,71
2010/9/9,19:00,0
2010/9/9,20:00,0
2010/9/9,21:00,0
2010/9/9,22:00,0
2010/9/9,23:00,0
2010/9/9,24:00:00,0
2010/9/10,1:00,0
2010/9/10,2:00,0
2010/9/10,3:00,0
2010/9/10,4:00,0
2010/9/10,5:00,0
2010/9/10,6:00,5
2010/9/10,7:00,108
2010/9/10,8:00,314
2010/9/10,9:00,530
2010/9/10,10:00,709
2010/9/10,11:00,608
2010/9/10,12:00,891
2010/9/10,13:00,879
2010/9/10,14:00,799
2010/9/10,15:00,654
2010/9/10,16:00,459
2010/9/10,17:00,237
2010/9/10,18:00,54
2010/9/10,19:00,0
2010/9/10,20:00,0
2010/9/10,21:00,0
2010/9/10,22:00,0
2010/9/10,23:00,0
2010/9/10,24:00:00,0
2010/9/11,1:00,0
2010/9/11,2:00,0
2010/9/11,3:00,0
2010/9/11,4:00,0
2010/9/11,5:00,0
2010/9/11,6:00,6
2010/9/11,7:00,122
2010/9/11,8:00,335
2010/9/11,9:00,547
2010/9/11,10:00,722
2010/9/11,11:00,842
2010/9/11,12:00,897
2010/9/11,13:00,883
2010/9/11,14:00,804
2010/9/11,15:00,664
2010/9/11,16:00,473
2010/9/11,17:00,253
2010/9/11,18:00,59
2010/9/11,19:00,0
2010/9/11,20:00,0
2010/9/11,21:00,0
2010/9/11,22:00,0
2010/9/11,23:00,0
2010/9/11,24:00:00,0
2010/9/12,1:00,0
2010/9/12,2:00,0
2010/9/12,3:00,0
2010/9/12,4:00,0
2010/9/12,5:00,0
2010/9/12,6:00,4
2010/9/12,7:00,112
2010/9/12,8:00,289
2010/9/12,9:00,478
2010/9/12,10:00,708
2010/9/12,11:00,829
2010/9/12,12:00,884
2010/9/12,13:00,870
2010/9/12,14:00,791
2010/9/12,15:00,650
2010/9/12,16:00,458
2010/9/12,17:00,239
2010/9/12,18:00,52
2010/9/12,19:00,0
2010/9/12,20:00,0
2010/9/12,21:00,0
2010/9/12,22:00,0
2010/9/12,23:00,0
2010/9/12,24:00:00,0
2010/9/13,1:00,0
2010/9/13,2:00,0
2010/9/13,3:00,0
2010/9/13,4:00,0
2010/9/13,5:00,0
2010/9/13,6:00,5
2010/9/13,7:00,126
2010/9/13,8:00,341
2010/9/13,9:00,553
2010/9/13,10:00,729
2010/9/13,11:00,847
2010/9/13,12:00,901
2010/9/13,13:00,886
2010/9/13,14:00,806
2010/9/13,15:00,664
2010/9/13,16:00,473
2010/9/13,17:00,254
2010/9/13,18:00,57
2010/9/13,19:00,0
2010/9/13,20:00,0
2010/9/13,21:00,0
2010/9/13,22:00,0
2010/9/13,23:00,0
2010/9/13,24:00:00,0
2010/9/14,1:00,0
2010/9/14,2:00,0
2010/9/14,3:00,0
2010/9/14,4:00,0
2010/9/14,5:00,0
2010/9/14,6:00,5
2010/9/14,7:00,125
2010/9/14,8:00,341
2010/9/14,9:00,555
2010/9/14,10:00,732
2010/9/14,11:00,852
2010/9/14,12:00,906
2010/9/14,13:00,892
2010/9/14,14:00,812
2010/9/14,15:00,670
2010/9/14,16:00,477
2010/9/14,17:00,254
2010/9/14,18:00,55
2010/9/14,19:00,0
2010/9/14,20:00,0
2010/9/14,21:00,0
2010/9/14,22:00,0
2010/9/14,23:00,0
2010/9/14,24:00:00,0
2010/9/15,1:00,0
2010/9/15,2:00,0
2010/9/15,3:00,0
2010/9/15,4:00,0
2010/9/15,5:00,0
2010/9/15,6:00,5
2010/9/15,7:00,123
2010/9/15,8:00,339
2010/9/15,9:00,552
2010/9/15,10:00,727
2010/9/15,11:00,847
2010/9/15,12:00,902
2010/9/15,13:00,888
2010/9/15,14:00,808
2010/9/15,15:00,664
2010/9/15,16:00,471
2010/9/15,17:00,249
2010/9/15,18:00,52
2010/9/15,19:00,0
2010/9/15,20:00,0
2010/9/15,21:00,0
2010/9/15,22:00,0
2010/9/15,23:00,0
2010/9/15,24:00:00,0
2010/9/16,1:00,0
2010/9/16,2:00,0
2010/9/16,3:00,0
2010/9/16,4:00,0
2010/9/16,5:00,0
2010/9/16,6:00,3
2010/9/16,7:00,103
2010/9/16,8:00,309
2010/9/16,9:00,524
2010/9/16,10:00,702
2010/9/16,11:00,825
2010/9/16,12:00,880
2010/9/16,13:00,865
2010/9/16,14:00,781
2010/9/16,15:00,634
2010/9/16,16:00,437
2010/9/16,17:00,216
2010/9/16,18:00,40
2010/9/16,19:00,0
2010/9/16,20:00,0
2010/9/16,21:00,0
2010/9/16,22:00,0
2010/9/16,23:00,0
2010/9/16,24:00:00,0
2010/9/17,1:00,0
2010/9/17,2:00,0
2010/9/17,3:00,0
2010/9/17,4:00,0
2010/9/17,5:00,0
2010/9/17,6:00,2
2010/9/17,7:00,69
2010/9/17,8:00,161
2010/9/17,9:00,376
2010/9/17,10:00,571
2010/9/17,11:00,732
2010/9/17,12:00,883
2010/9/17,13:00,867
2010/9/17,14:00,785
2010/9/17,15:00,639
2010/9/17,16:00,443
2010/9/17,17:00,222
2010/9/17,18:00,40
2010/9/17,19:00,0
2010/9/17,20:00,0
2010/9/17,21:00,0
2010/9/17,22:00,0
2010/9/17,23:00,0
2010/9/17,24:00:00,0
2010/9/18,1:00,0
2010/9/18,2:00,0
2010/9/18,3:00,0
2010/9/18,4:00,0
2010/9/18,5:00,0
2010/9/18,6:00,1
2010/9/18,7:00,27
2010/9/18,8:00,64
2010/9/18,9:00,108
2010/9/18,10:00,144
2010/9/18,11:00,739
2010/9/18,12:00,703
2010/9/18,13:00,862
2010/9/18,14:00,778
2010/9/18,15:00,632
2010/9/18,16:00,435
2010/9/18,17:00,215
2010/9/18,18:00,37
2010/9/18,19:00,0
2010/9/18,20:00,0
2010/9/18,21:00,0
2010/9/18,22:00,0
2010/9/18,23:00,0
2010/9/18,24:00:00,0
2010/9/19,1:00,0
2010/9/19,2:00,0
2010/9/19,3:00,0
2010/9/19,4:00,0
2010/9/19,5:00,0
2010/9/19,6:00,3
2010/9/19,7:00,82
2010/9/19,8:00,255
2010/9/19,9:00,467
2010/9/19,10:00,509
2010/9/19,11:00,728
2010/9/19,12:00,884
2010/9/19,13:00,868
2010/9/19,14:00,784
2010/9/19,15:00,639
2010/9/19,16:00,445
2010/9/19,17:00,225
2010/9/19,18:00,40
2010/9/19,19:00,0
2010/9/19,20:00,0
2010/9/19,21:00,0
2010/9/19,22:00,0
2010/9/19,23:00,0
2010/9/19,24:00:00,0
2010/9/20,1:00,0
2010/9/20,2:00,0
2010/9/20,3:00,0
2010/9/20,4:00,0
2010/9/20,5:00,0
2010/9/20,6:00,2
2010/9/20,7:00,95
2010/9/20,8:00,309
2010/9/20,9:00,517
2010/9/20,10:00,548
2010/9/20,11:00,707
2010/9/20,12:00,836
2010/9/20,13:00,863
2010/9/20,14:00,767
2010/9/20,15:00,627
2010/9/20,16:00,430
2010/9/20,17:00,181
2010/9/20,18:00,33
2010/9/20,19:00,0
2010/9/20,20:00,0
2010/9/20,21:00,0
2010/9/20,22:00,0
2010/9/20,23:00,0
2010/9/20,24:00:00,0
2010/9/21,1:00,0
2010/9/21,2:00,0
2010/9/21,3:00,0
2010/9/21,4:00,0
2010/9/21,5:00,0
2010/9/21,6:00,2
2010/9/21,7:00,69
2010/9/21,8:00,151
2010/9/21,9:00,240
2010/9/21,10:00,305
2010/9/21,11:00,235
2010/9/21,12:00,251
2010/9/21,13:00,246
2010/9/21,14:00,220
2010/9/21,15:00,580
2010/9/21,16:00,314
2010/9/21,17:00,147
2010/9/21,18:00,19
2010/9/21,19:00,0
2010/9/21,20:00,0
2010/9/21,21:00,0
2010/9/21,22:00,0
2010/9/21,23:00,0
2010/9/21,24:00:00,0
2010/9/22,1:00,0
2010/9/22,2:00,0
2010/9/22,3:00,0
2010/9/22,4:00,0
2010/9/22,5:00,0
2010/9/22,6:00,2
2010/9/22,7:00,65
2010/9/22,8:00,179
2010/9/22,9:00,282
2010/9/22,10:00,204
2010/9/22,11:00,412
2010/9/22,12:00,430
2010/9/22,13:00,175
2010/9/22,14:00,583
2010/9/22,15:00,257
2010/9/22,16:00,419
2010/9/22,17:00,200
2010/9/22,18:00,30
2010/9/22,19:00,0
2010/9/22,20:00,0
2010/9/22,21:00,0
2010/9/22,22:00,0
2010/9/22,23:00,0
2010/9/22,24:00:00,0
2010/9/23,1:00,0
2010/9/23,2:00,0
2010/9/23,3:00,0
2010/9/23,4:00,0
2010/9/23,5:00,0
2010/9/23,6:00,2
2010/9/23,7:00,106
2010/9/23,8:00,317
2010/9/23,9:00,528
2010/9/23,10:00,702
2010/9/23,11:00,820
2010/9/23,12:00,872
2010/9/23,13:00,856
2010/9/23,14:00,768
2010/9/23,15:00,619
2010/9/23,16:00,423
2010/9/23,17:00,205
2010/9/23,18:00,31
2010/9/23,19:00,0
2010/9/23,20:00,0
2010/9/23,21:00,0
2010/9/23,22:00,0
2010/9/23,23:00,0
2010/9/23,24:00:00,0
2010/9/24,1:00,0
2010/9/24,2:00,0
2010/9/24,3:00,0
2010/9/24,4:00,0
2010/9/24,5:00,0
2010/9/24,6:00,2
2010/9/24,7:00,102
2010/9/24,8:00,311
2010/9/24,9:00,521
2010/9/24,10:00,693
2010/9/24,11:00,809
2010/9/24,12:00,861
2010/9/24,13:00,843
2010/9/24,14:00,758
2010/9/24,15:00,612
2010/9/24,16:00,417
2010/9/24,17:00,199
2010/9/24,18:00,28
2010/9/24,19:00,0
2010/9/24,20:00,0
2010/9/24,21:00,0
2010/9/24,22:00,0
2010/9/24,23:00,0
2010/9/24,24:00:00,0
2010/9/25,1:00,0
2010/9/25,2:00,0
2010/9/25,3:00,0
2010/9/25,4:00,0
2010/9/25,5:00,0
2010/9/25,6:00,1
2010/9/25,7:00,73
2010/9/25,8:00,251
2010/9/25,9:00,460
2010/9/25,10:00,637
2010/9/25,11:00,758
2010/9/25,12:00,811
2010/9/25,13:00,791
2010/9/25,14:00,702
2010/9/25,15:00,550
2010/9/25,16:00,351
2010/9/25,17:00,147
2010/9/25,18:00,19
2010/9/25,19:00,0
2010/9/25,20:00,0
2010/9/25,21:00,0
2010/9/25,22:00,0
2010/9/25,23:00,0
2010/9/25,24:00:00,0
2010/9/26,1:00,0
2010/9/26,2:00,0
2010/9/26,3:00,0
2010/9/26,4:00,0
2010/9/26,5:00,0
2010/9/26,6:00,2
2010/9/26,7:00,104
2010/9/26,8:00,316
2010/9/26,9:00,527
2010/9/26,10:00,699
2010/9/26,11:00,815
2010/9/26,12:00,865
2010/9/26,13:00,846
2010/9/26,14:00,759
2010/9/26,15:00,611
2010/9/26,16:00,415
2010/9/26,17:00,196
2010/9/26,18:00,26
2010/9/26,19:00,0
2010/9/26,20:00,0
2010/9/26,21:00,0
2010/9/26,22:00,0
2010/9/26,23:00,0
2010/9/26,24:00:00,0
2010/9/27,1:00,0
2010/9/27,2:00,0
2010/9/27,3:00,0
2010/9/27,4:00,0
2010/9/27,5:00,0
2010/9/27,6:00,1
2010/9/27,7:00,71
2010/9/27,8:00,248
2010/9/27,9:00,453
2010/9/27,10:00,627
2010/9/27,11:00,746
2010/9/27,12:00,797
2010/9/27,13:00,777
2010/9/27,14:00,689
2010/9/27,15:00,538
2010/9/27,16:00,324
2010/9/27,17:00,140
2010/9/27,18:00,16
2010/9/27,19:00,0
2010/9/27,20:00,0
2010/9/27,21:00,0
2010/9/27,22:00,0
2010/9/27,23:00,0
2010/9/27,24:00:00,0
2010/9/28,1:00,0
2010/9/28,2:00,0
2010/9/28,3:00,0
2010/9/28,4:00,0
2010/9/28,5:00,0
2010/9/28,6:00,1
2010/9/28,7:00,79
2010/9/28,8:00,232
2010/9/28,9:00,408
2010/9/28,10:00,626
2010/9/28,11:00,753
2010/9/28,12:00,803
2010/9/28,13:00,783
2010/9/28,14:00,674
2010/9/28,15:00,543
2010/9/28,16:00,316
2010/9/28,17:00,79
2010/9/28,18:00,16
2010/9/28,19:00,0
2010/9/28,20:00,0
2010/9/28,21:00,0
2010/9/28,22:00,0
2010/9/28,23:00,0
2010/9/28,24:00:00,0
2010/9/29,1:00,0
2010/9/29,2:00,0
2010/9/29,3:00,0
2010/9/29,4:00,0
2010/9/29,5:00,0
2010/9/29,6:00,1
2010/9/29,7:00,47
2010/9/29,8:00,99
2010/9/29,9:00,290
2010/9/29,10:00,381
2010/9/29,11:00,756
2010/9/29,12:00,805
2010/9/29,13:00,785
2010/9/29,14:00,591
2010/9/29,15:00,182
2010/9/29,16:00,295
2010/9/29,17:00,77
2010/9/29,18:00,15
2010/9/29,19:00,0
2010/9/29,20:00,0
2010/9/29,21:00,0
2010/9/29,22:00,0
2010/9/29,23:00,0
2010/9/29,24:00:00,0
2010/9/30,1:00,0
2010/9/30,2:00,0
2010/9/30,3:00,0
2010/9/30,4:00,0
2010/9/30,5:00,0
2010/9/30,6:00,1
2010/9/30,7:00,87
2010/9/30,8:00,286
2010/9/30,9:00,489
2010/9/30,10:00,657
2010/9/30,11:00,769
2010/9/30,12:00,817
2010/9/30,13:00,616
2010/9/30,14:00,620
2010/9/30,15:00,514
2010/9/30,16:00,371
2010/9/30,17:00,153
2010/9/30,18:00,13
2010/9/30,19:00,0
2010/9/30,20:00,0
2010/9/30,21:00,0
2010/9/30,22:00,0
2010/9/30,23:00,0
2010/9/30,24:00:00,0
2010/10/1,1:00,0
2010/10/1,2:00,0
2010/10/1,3:00,0
2010/10/1,4:00,0
2010/10/1,5:00,0
2010/10/1,6:00,0
2010/10/1,7:00,59
2010/10/1,8:00,236
2010/10/1,9:00,422
2010/10/1,10:00,623
2010/10/1,11:00,737
2010/10/1,12:00,786
2010/10/1,13:00,765
2010/10/1,14:00,676
2010/10/1,15:00,526
2010/10/1,16:00,332
2010/10/1,17:00,138
2010/10/1,18:00,11
2010/10/1,19:00,0
2010/10/1,20:00,0
2010/10/1,21:00,0
2010/10/1,22:00,0
2010/10/1,23:00,0
2010/10/1,24:00:00,0
2010/10/2,1:00,0
2010/10/2,2:00,0
2010/10/2,3:00,0
2010/10/2,4:00,0
2010/10/2,5:00,0
2010/10/2,6:00,1
2010/10/2,7:00,83
2010/10/2,8:00,279
2010/10/2,9:00,131
2010/10/2,10:00,470
2010/10/2,11:00,758
2010/10/2,12:00,805
2010/10/2,13:00,785
2010/10/2,14:00,698
2010/10/2,15:00,552
2010/10/2,16:00,361
2010/10/2,17:00,154
2010/10/2,18:00,13
2010/10/2,19:00,0
2010/10/2,20:00,0
2010/10/2,21:00,0
2010/10/2,22:00,0
2010/10/2,23:00,0
2010/10/2,24:00:00,0
2010/10/3,1:00,0
2010/10/3,2:00,0
2010/10/3,3:00,0
2010/10/3,4:00,0
2010/10/3,5:00,0
2010/10/3,6:00,0
2010/10/3,7:00,25
2010/10/3,8:00,67
2010/10/3,9:00,119
2010/10/3,10:00,160
2010/10/3,11:00,606
2010/10/3,12:00,801
2010/10/3,13:00,780
2010/10/3,14:00,691
2010/10/3,15:00,542
2010/10/3,16:00,349
2010/10/3,17:00,144
2010/10/3,18:00,11
2010/10/3,19:00,0
2010/10/3,20:00,0
2010/10/3,21:00,0
2010/10/3,22:00,0
2010/10/3,23:00,0
2010/10/3,24:00:00,0
2010/10/4,1:00,0
2010/10/4,2:00,0
2010/10/4,3:00,0
2010/10/4,4:00,0
2010/10/4,5:00,0
2010/10/4,6:00,0
2010/10/4,7:00,22
2010/10/4,8:00,84
2010/10/4,9:00,102
2010/10/4,10:00,194
2010/10/4,11:00,227
2010/10/4,12:00,201
2010/10/4,13:00,196
2010/10/4,14:00,208
2010/10/4,15:00,165
2010/10/4,16:00,107
2010/10/4,17:00,45
2010/10/4,18:00,6
2010/10/4,19:00,0
2010/10/4,20:00,0
2010/10/4,21:00,0
2010/10/4,22:00,0
2010/10/4,23:00,0
2010/10/4,24:00:00,0
2010/10/5,1:00,0
2010/10/5,2:00,0
2010/10/5,3:00,0
2010/10/5,4:00,0
2010/10/5,5:00,0
2010/10/5,6:00,0
2010/10/5,7:00,31
2010/10/5,8:00,104
2010/10/5,9:00,138
2010/10/5,10:00,188
2010/10/5,11:00,221
2010/10/5,12:00,234
2010/10/5,13:00,228
2010/10/5,14:00,202
2010/10/5,15:00,157
2010/10/5,16:00,99
2010/10/5,17:00,42
2010/10/5,18:00,5
2010/10/5,19:00,0
2010/10/5,20:00,0
2010/10/5,21:00,0
2010/10/5,22:00,0
2010/10/5,23:00,0
2010/10/5,24:00:00,0
2010/10/6,1:00,0
2010/10/6,2:00,0
2010/10/6,3:00,0
2010/10/6,4:00,0
2010/10/6,5:00,0
2010/10/6,6:00,0
2010/10/6,7:00,24
2010/10/6,8:00,65
2010/10/6,9:00,116
2010/10/6,10:00,158
2010/10/6,11:00,307
2010/10/6,12:00,450
2010/10/6,13:00,667
2010/10/6,14:00,263
2010/10/6,15:00,453
2010/10/6,16:00,151
2010/10/6,17:00,53
2010/10/6,18:00,8
2010/10/6,19:00,0
2010/10/6,20:00,0
2010/10/6,21:00,0
2010/10/6,22:00,0
2010/10/6,23:00,0
2010/10/6,24:00:00,0
2010/10/7,1:00,0
2010/10/7,2:00,0
2010/10/7,3:00,0
2010/10/7,4:00,0
2010/10/7,5:00,0
2010/10/7,6:00,0
2010/10/7,7:00,43
2010/10/7,8:00,228
2010/10/7,9:00,414
2010/10/7,10:00,390
2010/10/7,11:00,215
2010/10/7,12:00,161
2010/10/7,13:00,614
2010/10/7,14:00,669
2010/10/7,15:00,450
2010/10/7,16:00,318
2010/10/7,17:00,118
2010/10/7,18:00,6
2010/10/7,19:00,0
2010/10/7,20:00,0
2010/10/7,21:00,0
2010/10/7,22:00,0
2010/10/7,23:00,0
2010/10/7,24:00:00,0
2010/10/8,1:00,0
2010/10/8,2:00,0
2010/10/8,3:00,0
2010/10/8,4:00,0
2010/10/8,5:00,0
2010/10/8,6:00,0
2010/10/8,7:00,72
2010/10/8,8:00,270
2010/10/8,9:00,476
2010/10/8,10:00,645
2010/10/8,11:00,758
2010/10/8,12:00,783
2010/10/8,13:00,781
2010/10/8,14:00,690
2010/10/8,15:00,524
2010/10/8,16:00,341
2010/10/8,17:00,132
2010/10/8,18:00,7
2010/10/8,19:00,0
2010/10/8,20:00,0
2010/10/8,21:00,0
2010/10/8,22:00,0
2010/10/8,23:00,0
2010/10/8,24:00:00,0
2010/10/9,1:00,0
2010/10/9,2:00,0
2010/10/9,3:00,0
2010/10/9,4:00,0
2010/10/9,5:00,0
2010/10/9,6:00,0
2010/10/9,7:00,68
2010/10/9,8:00,261
2010/10/9,9:00,465
2010/10/9,10:00,633
2010/10/9,11:00,745
2010/10/9,12:00,791
2010/10/9,13:00,768
2010/10/9,14:00,678
2010/10/9,15:00,527
2010/10/9,16:00,331
2010/10/9,17:00,124
2010/10/9,18:00,6
2010/10/9,19:00,0
2010/10/9,20:00,0
2010/10/9,21:00,0
2010/10/9,22:00,0
2010/10/9,23:00,0
2010/10/9,24:00:00,0
2010/10/10,1:00,0
2010/10/10,2:00,0
2010/10/10,3:00,0
2010/10/10,4:00,0
2010/10/10,5:00,0
2010/10/10,6:00,0
2010/10/10,7:00,57
2010/10/10,8:00,236
2010/10/10,9:00,438
2010/10/10,10:00,606
2010/10/10,11:00,719
2010/10/10,12:00,764
2010/10/10,13:00,740
2010/10/10,14:00,648
2010/10/10,15:00,495
2010/10/10,16:00,300
2010/10/10,17:00,105
2010/10/10,18:00,4
2010/10/10,19:00,0
2010/10/10,20:00,0
2010/10/10,21:00,0
2010/10/10,22:00,0
2010/10/10,23:00,0
2010/10/10,24:00:00,0
2010/10/11,1:00,0
2010/10/11,2:00,0
2010/10/11,3:00,0
2010/10/11,4:00,0
2010/10/11,5:00,0
2010/10/11,6:00,0
2010/10/11,7:00,61
2010/10/11,8:00,247
2010/10/11,9:00,448
2010/10/11,10:00,614
2010/10/11,11:00,724
2010/10/11,12:00,768
2010/10/11,13:00,744
2010/10/11,14:00,655
2010/10/11,15:00,506
2010/10/11,16:00,221
2010/10/11,17:00,77
2010/10/11,18:00,2
2010/10/11,19:00,0
2010/10/11,20:00,0
2010/10/11,21:00,0
2010/10/11,22:00,0
2010/10/11,23:00,0
2010/10/11,24:00:00,0
2010/10/12,1:00,0
2010/10/12,2:00,0
2010/10/12,3:00,0
2010/10/12,4:00,0
2010/10/12,5:00,0
2010/10/12,6:00,0
2010/10/12,7:00,26
2010/10/12,8:00,59
2010/10/12,9:00,104
2010/10/12,10:00,255
2010/10/12,11:00,701
2010/10/12,12:00,746
2010/10/12,13:00,721
2010/10/12,14:00,628
2010/10/12,15:00,476
2010/10/12,16:00,282
2010/10/12,17:00,93
2010/10/12,18:00,3
2010/10/12,19:00,0
2010/10/12,20:00,0
2010/10/12,21:00,0
2010/10/12,22:00,0
2010/10/12,23:00,0
2010/10/12,24:00:00,0
2010/10/13,1:00,0
2010/10/13,2:00,0
2010/10/13,3:00,0
2010/10/13,4:00,0
2010/10/13,5:00,0
2010/10/13,6:00,0
2010/10/13,7:00,52
2010/10/13,8:00,213
2010/10/13,9:00,421
2010/10/13,10:00,608
2010/10/13,11:00,719
2010/10/13,12:00,763
2010/10/13,13:00,738
2010/10/13,14:00,582
2010/10/13,15:00,491
2010/10/13,16:00,296
2010/10/13,17:00,100
2010/10/13,18:00,3
2010/10/13,19:00,0
2010/10/13,20:00,0
2010/10/13,21:00,0
2010/10/13,22:00,0
2010/10/13,23:00,0
2010/10/13,24:00:00,0
2010/10/14,1:00,0
2010/10/14,2:00,0
2010/10/14,3:00,0
2010/10/14,4:00,0
2010/10/14,5:00,0
2010/10/14,6:00,0
2010/10/14,7:00,47
2010/10/14,8:00,125
2010/10/14,9:00,364
2010/10/14,10:00,394
2010/10/14,11:00,545
2010/10/14,12:00,764
2010/10/14,13:00,739
2010/10/14,14:00,393
2010/10/14,15:00,501
2010/10/14,16:00,229
2010/10/14,17:00,34
2010/10/14,18:00,2
2010/10/14,19:00,0
2010/10/14,20:00,0
2010/10/14,21:00,0
2010/10/14,22:00,0
2010/10/14,23:00,0
2010/10/14,24:00:00,0
2010/10/15,1:00,0
2010/10/15,2:00,0
2010/10/15,3:00,0
2010/10/15,4:00,0
2010/10/15,5:00,0
2010/10/15,6:00,0
2010/10/15,7:00,19
2010/10/15,8:00,73
2010/10/15,9:00,133
2010/10/15,10:00,181
2010/10/15,11:00,212
2010/10/15,12:00,225
2010/10/15,13:00,218
2010/10/15,14:00,523
2010/10/15,15:00,367
2010/10/15,16:00,120
2010/10/15,17:00,39
2010/10/15,18:00,1
2010/10/15,19:00,0
2010/10/15,20:00,0
2010/10/15,21:00,0
2010/10/15,22:00,0
2010/10/15,23:00,0
2010/10/15,24:00:00,0
2010/10/16,1:00,0
2010/10/16,2:00,0
2010/10/16,3:00,0
2010/10/16,4:00,0
2010/10/16,5:00,0
2010/10/16,6:00,0
2010/10/16,7:00,18
2010/10/16,8:00,74
2010/10/16,9:00,133
2010/10/16,10:00,181
2010/10/16,11:00,212
2010/10/16,12:00,225
2010/10/16,13:00,218
2010/10/16,14:00,191
2010/10/16,15:00,147
2010/10/16,16:00,90
2010/10/16,17:00,31
2010/10/16,18:00,1
2010/10/16,19:00,0
2010/10/16,20:00,0
2010/10/16,21:00,0
2010/10/16,22:00,0
2010/10/16,23:00,0
2010/10/16,24:00:00,0
2010/10/17,1:00,0
2010/10/17,2:00,0
2010/10/17,3:00,0
2010/10/17,4:00,0
2010/10/17,5:00,0
2010/10/17,6:00,0
2010/10/17,7:00,27
2010/10/17,8:00,68
2010/10/17,9:00,119
2010/10/17,10:00,168
2010/10/17,11:00,201
2010/10/17,12:00,213
2010/10/17,13:00,475
2010/10/17,14:00,178
2010/10/17,15:00,133
2010/10/17,16:00,77
2010/10/17,17:00,40
2010/10/17,18:00,1
2010/10/17,19:00,0
2010/10/17,20:00,0
2010/10/17,21:00,0
2010/10/17,22:00,0
2010/10/17,23:00,0
2010/10/17,24:00:00,0
2010/10/18,1:00,0
2010/10/18,2:00,0
2010/10/18,3:00,0
2010/10/18,4:00,0
2010/10/18,5:00,0
2010/10/18,6:00,0
2010/10/18,7:00,19
2010/10/18,8:00,74
2010/10/18,9:00,134
2010/10/18,10:00,181
2010/10/18,11:00,212
2010/10/18,12:00,224
2010/10/18,13:00,217
2010/10/18,14:00,190
2010/10/18,15:00,147
2010/10/18,16:00,90
2010/10/18,17:00,31
2010/10/18,18:00,1
2010/10/18,19:00,0
2010/10/18,20:00,0
2010/10/18,21:00,0
2010/10/18,22:00,0
2010/10/18,23:00,0
2010/10/18,24:00:00,0
2010/10/19,1:00,0
2010/10/19,2:00,0
2010/10/19,3:00,0
2010/10/19,4:00,0
2010/10/19,5:00,0
2010/10/19,6:00,0
2010/10/19,7:00,29
2010/10/19,8:00,69
2010/10/19,9:00,128
2010/10/19,10:00,176
2010/10/19,11:00,314
2010/10/19,12:00,345
2010/10/19,13:00,540
2010/10/19,14:00,550
2010/10/19,15:00,329
2010/10/19,16:00,222
2010/10/19,17:00,70
2010/10/19,18:00,1
2010/10/19,19:00,0
2010/10/19,20:00,0
2010/10/19,21:00,0
2010/10/19,22:00,0
2010/10/19,23:00,0
2010/10/19,24:00:00,0
2010/10/20,1:00,0
2010/10/20,2:00,0
2010/10/20,3:00,0
2010/10/20,4:00,0
2010/10/20,5:00,0
2010/10/20,6:00,0
2010/10/20,7:00,17
2010/10/20,8:00,55
2010/10/20,9:00,125
2010/10/20,10:00,145
2010/10/20,11:00,204
2010/10/20,12:00,216
2010/10/20,13:00,209
2010/10/20,14:00,182
2010/10/20,15:00,243
2010/10/20,16:00,197
2010/10/20,17:00,29
2010/10/20,18:00,1
2010/10/20,19:00,0
2010/10/20,20:00,0
2010/10/20,21:00,0
2010/10/20,22:00,0
2010/10/20,23:00,0
2010/10/20,24:00:00,0
2010/10/21,1:00,0
2010/10/21,2:00,0
2010/10/21,3:00,0
2010/10/21,4:00,0
2010/10/21,5:00,0
2010/10/21,6:00,0
2010/10/21,7:00,40
2010/10/21,8:00,151
2010/10/21,9:00,124
2010/10/21,10:00,172
2010/10/21,11:00,203
2010/10/21,12:00,215
2010/10/21,13:00,208
2010/10/21,14:00,181
2010/10/21,15:00,137
2010/10/21,16:00,80
2010/10/21,17:00,28
2010/10/21,18:00,0
2010/10/21,19:00,0
2010/10/21,20:00,0
2010/10/21,21:00,0
2010/10/21,22:00,0
2010/10/21,23:00,0
2010/10/21,24:00:00,0
